{"eta": {"node2": {"(1, 0)": {"false": {"node2": 0.99602, "node1": 0.00398}, "true": {"node2": 0.99946, "node1": 0.00054}}, "(0, 0)": {"false": {"node2": 0.86333, "node1": 0.13667}, "true": {"node2": 0.0, "node1": 1.0}}, "(0, 1)": {"false": {"node2": 0.95688, "node1": 0.04312}, "true": {"node2": 0.0, "node1": 1.0}}, "(-1, 0)": {"false": {"node2": 0.01342, "node1": 0.98658}, "true": {"node2": 9e-05, "node1": 0.99991}}, "(0, -1)": {"false": {"node2": 0.98813, "node1": 0.01187}, "true": {"node2": 0.99714, "node1": 0.00286}}}, "node1": {"(1, 0)": {"false": {"node2": 0.0, "node1": 1.0}, "true": {"node2": 1.0, "node1": 0.0}}, "(0, 0)": {"false": {"node2": 0.0, "node1": 1.0}, "true": {"node2": 0.0, "node1": 1.0}}, "(0, 1)": {"false": {"node2": 1.0, "node1": 0.0}, "true": {"node2": 0.00042, "node1": 0.99958}}, "(-1, 0)": {"false": {"node2": 0.0, "node1": 1.0}, "true": {"node2": 1.0, "node1": 0.0}}, "(0, -1)": {"false": {"node2": 0.0, "node1": 1.0}, "true": {"node2": 0.0, "node1": 1.0}}}}, "agent": "Alice", "Q": ["node1", "node2"], "psi": {"node2": {"(1, 0)": 0.46164, "(0, 0)": 0.00016, "(0, 1)": 0.00512, "(-1, 0)": 0.02852, "(0, -1)": 0.50457}, "node1": {"(1, 0)": 0.0, "(0, 0)": 1.0, "(0, 1)": 0.0, "(-1, 0)": 0.0, "(0, -1)": 0.0}}, "n": 2}