{"eta": {"node2": {"(1, 0)": {"false": {"node2": 0.900036, "node1": 0.0999637}, "true": {"node2": 0.0574806, "node1": 0.942519}}, "(0, 0)": {"false": {"node2": 1.0, "node1": 2.57542e-13}, "true": {"node2": 0.0, "node1": 1.0}}, "(0, 1)": {"false": {"node2": 0.0, "node1": 1.0}, "true": {"node2": 0.372601, "node1": 0.627399}}, "(-1, 0)": {"false": {"node2": 0.845361, "node1": 0.154639}, "true": {"node2": 0.98229, "node1": 0.0177103}}, "(0, -1)": {"false": {"node2": 0.0, "node1": 1.0}, "true": {"node2": 0.0, "node1": 1.0}}}, "node1": {"(1, 0)": {"false": {"node2": 1.0, "node1": 0.0}, "true": {"node2": 0.0, "node1": 1.0}}, "(0, 0)": {"false": {"node2": 0.00954882, "node1": 0.990451}, "true": {"node2": 0.0, "node1": 1.0}}, "(0, 1)": {"false": {"node2": 0.0, "node1": 1.0}, "true": {"node2": 0.0, "node1": 1.0}}, "(-1, 0)": {"false": {"node2": 0.0, "node1": 1.0}, "true": {"node2": 1.0, "node1": 0.0}}, "(0, -1)": {"false": {"node2": 1.0, "node1": 0.0}, "true": {"node2": 1.0, "node1": 0.0}}}}, "agent": "Bob", "Q": ["node1", "node2"], "psi": {"node2": {"(1, 0)": 0.0, "(0, 0)": 0.753776, "(0, 1)": 0.246224, "(-1, 0)": 0.0, "(0, -1)": 0.0}, "node1": {"(1, 0)": 0.0, "(0, 0)": 0.0, "(0, 1)": 0.321733, "(-1, 0)": 0.678267, "(0, -1)": 0.0}}, "n": 2}