{"eta": {"node2": {"(1, 0)": {"false": {"node2": 0.83597, "node1": 0.16403}, "true": {"node2": 0.85431, "node1": 0.14569}}, "(0, 0)": {"false": {"node2": 0.0, "node1": 1.0}, "true": {"node2": 0.0, "node1": 1.0}}, "(0, 1)": {"false": {"node2": 0.78531, "node1": 0.21468}, "true": {"node2": 0.7528, "node1": 0.24719}}, "(-1, 0)": {"false": {"node2": 0.0, "node1": 1.0}, "true": {"node2": 0.84778, "node1": 0.15222}}, "(0, -1)": {"false": {"node2": 0.00195, "node1": 0.99805}, "true": {"node2": 0.99991, "node1": 9e-05}}}, "node1": {"(1, 0)": {"false": {"node2": 0.35473, "node1": 0.64527}, "true": {"node2": 0.25948, "node1": 0.74052}}, "(0, 0)": {"false": {"node2": 0.78777, "node1": 0.21223}, "true": {"node2": 0.0, "node1": 1.0}}, "(0, 1)": {"false": {"node2": 1.0, "node1": 0.0}, "true": {"node2": 0.04565, "node1": 0.95435}}, "(-1, 0)": {"false": {"node2": 0.17071, "node1": 0.82929}, "true": {"node2": 0.7296, "node1": 0.2704}}, "(0, -1)": {"false": {"node2": 0.0, "node1": 1.0}, "true": {"node2": 1.0, "node1": 0.0}}}}, "agent": "Alice", "Q": ["node1", "node2"], "psi": {"node2": {"(1, 0)": 0.0, "(0, 0)": 0.0, "(0, 1)": 0.0, "(-1, 0)": 1.0, "(0, -1)": 0.0}, "node1": {"(1, 0)": 0.0, "(0, 0)": 0.0, "(0, 1)": 0.0, "(-1, 0)": 0.0, "(0, -1)": 1.0}}, "n": 2}