{"eta": {"node2": {"(1, 0)": {"false": {"node2": 0.82703, "node1": 0.17297}, "true": {"node2": 0.54063, "node1": 0.45937}}, "(0, 0)": {"false": {"node2": 0.84584, "node1": 0.15416}, "true": {"node2": 0.0, "node1": 1.0}}, "(0, 1)": {"false": {"node2": 1.0, "node1": 0.0}, "true": {"node2": 0.33511, "node1": 0.66489}}, "(-1, 0)": {"false": {"node2": 0.0, "node1": 1.0}, "true": {"node2": 0.97434, "node1": 0.02566}}, "(0, -1)": {"false": {"node2": 0.0, "node1": 1.0}, "true": {"node2": 0.96579, "node1": 0.03421}}}, "node1": {"(1, 0)": {"false": {"node2": 0.31543, "node1": 0.68458}, "true": {"node2": 0.08266, "node1": 0.91734}}, "(0, 0)": {"false": {"node2": 0.61836, "node1": 0.38164}, "true": {"node2": 0.0, "node1": 1.0}}, "(0, 1)": {"false": {"node2": 0.28628, "node1": 0.71372}, "true": {"node2": 0.79363, "node1": 0.20637}}, "(-1, 0)": {"false": {"node2": 0.10631, "node1": 0.89369}, "true": {"node2": 0.78416, "node1": 0.21585}}, "(0, -1)": {"false": {"node2": 0.0, "node1": 1.0}, "true": {"node2": 1.0, "node1": 0.0}}}}, "agent": "Alice", "Q": ["node1", "node2"], "psi": {"node2": {"(1, 0)": 0.0, "(0, 0)": 0.0, "(0, 1)": 0.0, "(-1, 0)": 1.0, "(0, -1)": 0.0}, "node1": {"(1, 0)": 0.0, "(0, 0)": 0.0, "(0, 1)": 0.0, "(-1, 0)": 0.0, "(0, -1)": 1.0}}, "n": 2}