{"eta": {"node2": {"(1, 0)": {"false": {"node2": 1.0, "node1": 2.77556e-17}, "true": {"node2": 0.364824, "node1": 0.635176}}, "(0, 0)": {"false": {"node2": 1.0, "node1": 0.0}, "true": {"node2": 0.0, "node1": 1.0}}, "(0, 1)": {"false": {"node2": 0.0, "node1": 1.0}, "true": {"node2": 1.0, "node1": 0.0}}, "(-1, 0)": {"false": {"node2": 0.0, "node1": 1.0}, "true": {"node2": 1.0, "node1": 0.0}}, "(0, -1)": {"false": {"node2": 0.512987, "node1": 0.487013}, "true": {"node2": 0.589395, "node1": 0.410605}}}, "node1": {"(1, 0)": {"false": {"node2": 1.0, "node1": 0.0}, "true": {"node2": 1.73472e-16, "node1": 1.0}}, "(0, 0)": {"false": {"node2": 0.0, "node1": 1.0}, "true": {"node2": 0.0, "node1": 1.0}}, "(0, 1)": {"false": {"node2": 7.21645e-16, "node1": 1.0}, "true": {"node2": 0.0, "node1": 1.0}}, "(-1, 0)": {"false": {"node2": 2.77556e-17, "node1": 1.0}, "true": {"node2": 1.0, "node1": 1.85182e-16}}, "(0, -1)": {"false": {"node2": 1.0, "node1": 0.0}, "true": {"node2": 0.845866, "node1": 0.154134}}}}, "agent": "Bob", "Q": ["node1", "node2"], "psi": {"node2": {"(1, 0)": 0.0, "(0, 0)": 0.832954, "(0, 1)": 0.114359, "(-1, 0)": 0.0526864, "(0, -1)": 0.0}, "node1": {"(1, 0)": 0.789372, "(0, 0)": 0.0, "(0, 1)": 0.180667, "(-1, 0)": 0.0299607, "(0, -1)": 0.0}}, "n": 2}