{"eta": {"node2": {"(1, 0)": {"false": {"node2": 0.75224, "node1": 0.24776}, "true": {"node2": 0.66744, "node1": 0.33256}}, "(0, 0)": {"false": {"node2": 0.6012, "node1": 0.3988}, "true": {"node2": 0.0, "node1": 1.0}}, "(0, 1)": {"false": {"node2": 1.0, "node1": 0.0}, "true": {"node2": 0.0, "node1": 1.0}}, "(-1, 0)": {"false": {"node2": 0.54395, "node1": 0.45605}, "true": {"node2": 0.05541, "node1": 0.94459}}, "(0, -1)": {"false": {"node2": 0.03048, "node1": 0.96952}, "true": {"node2": 0.24687, "node1": 0.75313}}}, "node1": {"(1, 0)": {"false": {"node2": 0.0, "node1": 1.0}, "true": {"node2": 0.67234, "node1": 0.32766}}, "(0, 0)": {"false": {"node2": 0.0, "node1": 1.0}, "true": {"node2": 0.0, "node1": 1.0}}, "(0, 1)": {"false": {"node2": 0.0, "node1": 1.0}, "true": {"node2": 0.00449, "node1": 0.99551}}, "(-1, 0)": {"false": {"node2": 0.0, "node1": 1.0}, "true": {"node2": 0.0, "node1": 1.0}}, "(0, -1)": {"false": {"node2": 0.0, "node1": 1.0}, "true": {"node2": 0.0, "node1": 1.0}}}}, "agent": "Alice", "Q": ["node1", "node2"], "psi": {"node2": {"(1, 0)": 0.0011, "(0, 0)": 0.30168, "(0, 1)": 0.002, "(-1, 0)": 0.65997, "(0, -1)": 0.03525}, "node1": {"(1, 0)": 0.0, "(0, 0)": 0.0, "(0, 1)": 0.0, "(-1, 0)": 0.8146, "(0, -1)": 0.1854}}, "n": 2}