{"eta": {"node2": {"(1, 0)": {"false": {"node2": 0.0, "node1": 1.0}, "true": {"node2": 0.97102, "node1": 0.0289802}}, "(0, 0)": {"false": {"node2": 0.586609, "node1": 0.413391}, "true": {"node2": 0.0, "node1": 1.0}}, "(0, 1)": {"false": {"node2": 0.00137949, "node1": 0.998621}, "true": {"node2": 1.0, "node1": 1.31188e-16}}, "(-1, 0)": {"false": {"node2": 1.0, "node1": 0.0}, "true": {"node2": 0.00832357, "node1": 0.991676}}, "(0, -1)": {"false": {"node2": 0.885552, "node1": 0.114448}, "true": {"node2": 0.0533369, "node1": 0.946663}}}, "node1": {"(1, 0)": {"false": {"node2": 0.0293138, "node1": 0.970686}, "true": {"node2": 0.689141, "node1": 0.310859}}, "(0, 0)": {"false": {"node2": 0.0012452, "node1": 0.998755}, "true": {"node2": 0.0, "node1": 1.0}}, "(0, 1)": {"false": {"node2": 0.0, "node1": 1.0}, "true": {"node2": 1.0, "node1": 2.42861e-16}}, "(-1, 0)": {"false": {"node2": 0.0, "node1": 1.0}, "true": {"node2": 1.0, "node1": 0.0}}, "(0, -1)": {"false": {"node2": 1.52656e-16, "node1": 1.0}, "true": {"node2": 0.529582, "node1": 0.470418}}}}, "agent": "Bob", "Q": ["node1", "node2"], "psi": {"node2": {"(1, 0)": 1.0, "(0, 0)": 0.0, "(0, 1)": 0.0, "(-1, 0)": 0.0, "(0, -1)": 0.0}, "node1": {"(1, 0)": 0.0, "(0, 0)": 3.06808e-16, "(0, 1)": 1.0, "(-1, 0)": 0.0, "(0, -1)": 0.0}}, "n": 2}