{"eta": {"node2": {"(1, 0)": {"false": {"node2": 0.0258518, "node3": 0.261545, "node1": 0.712597, "node4": 5.53853e-06}, "true": {"node2": 0.0927111, "node3": 0.623597, "node1": 0.000925064, "node4": 0.282766}}, "(0, 0)": {"false": {"node2": 0.998996, "node3": 0.0, "node1": 0.00100352, "node4": 0.0}, "true": {"node2": 0.0, "node3": 0.0, "node1": 1.0, "node4": 0.0}}, "(0, 1)": {"false": {"node2": 0.447789, "node3": 0.0315494, "node1": 0.520661, "node4": 0.0}, "true": {"node2": 0.430835, "node3": 0.569165, "node1": 0.0, "node4": 0.0}}, "(-1, 0)": {"false": {"node2": 0.761931, "node3": 0.0976423, "node1": 0.0134152, "node4": 0.127012}, "true": {"node2": 0.95913, "node3": 0.0, "node1": 0.0408697, "node4": 4.98551e-07}}, "(0, -1)": {"false": {"node2": 0.992279, "node3": 0.0, "node1": 0.00771103, "node4": 9.92766e-06}, "true": {"node2": 0.0414965, "node3": 0.957979, "node1": 0.000522999, "node4": 1.07674e-06}}}, "node3": {"(1, 0)": {"false": {"node2": 0.0, "node3": 0.0, "node1": 1.17961e-16, "node4": 1.0}, "true": {"node2": 0.0, "node3": 0.0, "node1": 0.0, "node4": 1.0}}, "(0, 0)": {"false": {"node2": 0.0, "node3": 0.0, "node1": 0.0, "node4": 1.0}, "true": {"node2": 0.0, "node3": 0.0, "node1": 1.0, "node4": 0.0}}, "(0, 1)": {"false": {"node2": 0.0, "node3": 1.0, "node1": 0.0, "node4": 0.0}, "true": {"node2": 0.0, "node3": 0.0, "node1": 1.0, "node4": 0.0}}, "(-1, 0)": {"false": {"node2": 0.326405, "node3": 0.672258, "node1": 0.00133486, "node4": 1.3778e-06}, "true": {"node2": 6.01479e-08, "node3": 0.999986, "node1": 1.34621e-05, "node4": 3.73174e-08}}, "(0, -1)": {"false": {"node2": 0.349513, "node3": 0.649911, "node1": 0.000575089, "node4": 7.8098e-07}, "true": {"node2": 0.00172803, "node3": 0.998229, "node1": 4.25409e-05, "node4": 6.22037e-08}}}, "node1": {"(1, 0)": {"false": {"node2": 0.0779154, "node3": 0.917257, "node1": 0.0, "node4": 0.00482786}, "true": {"node2": 0.0, "node3": 7.13765e-07, "node1": 0.999999, "node4": 0.0}}, "(0, 0)": {"false": {"node2": 6.46397e-15, "node3": 0.0, "node1": 1.0, "node4": 0.0}, "true": {"node2": 0.0, "node3": 0.0, "node1": 1.0, "node4": 0.0}}, "(0, 1)": {"false": {"node2": 0.0, "node3": 0.0, "node1": 0.976934, "node4": 0.0230661}, "true": {"node2": 0.866715, "node3": 0.0115658, "node1": 0.0, "node4": 0.121719}}, "(-1, 0)": {"false": {"node2": 0.281036, "node3": 0.0, "node1": 0.304297, "node4": 0.414667}, "true": {"node2": 0.10626, "node3": 0.478018, "node1": 0.230871, "node4": 0.184851}}, "(0, -1)": {"false": {"node2": 0.0, "node3": 0.798152, "node1": 0.067258, "node4": 0.13459}, "true": {"node2": 0.00506228, "node3": 0.00818625, "node1": 0.976524, "node4": 0.0102271}}}, "node4": {"(1, 0)": {"false": {"node2": 0.0, "node3": 1.0, "node1": 0.0, "node4": 0.0}, "true": {"node2": 0.0, "node3": 1.0, "node1": 0.0, "node4": 0.0}}, "(0, 0)": {"false": {"node2": 0.0129169, "node3": 0.987079, "node1": 4.30873e-06, "node4": 3.31244e-09}, "true": {"node2": 0.0, "node3": 0.0, "node1": 1.0, "node4": 0.0}}, "(0, 1)": {"false": {"node2": 0.0591496, "node3": 0.659472, "node1": 0.281379, "node4": 0.0}, "true": {"node2": 0.221, "node3": 0.0, "node1": 0.0852649, "node4": 0.693735}}, "(-1, 0)": {"false": {"node2": 5.76214e-07, "node3": 0.99129, "node1": 0.00870886, "node4": 7.48371e-07}, "true": {"node2": 0.00754028, "node3": 0.992436, "node1": 2.37692e-05, "node4": 4.42588e-08}}, "(0, -1)": {"false": {"node2": 0.35784, "node3": 0.360014, "node1": 0.13984, "node4": 0.142305}, "true": {"node2": 0.0177469, "node3": 0.497808, "node1": 0.234904, "node4": 0.249541}}}}, "agent": "Bob", "Q": ["node1", "node2", "node3", "node4"], "psi": {"node2": {"(1, 0)": 0.0256787, "(0, 0)": 0.263497, "(0, 1)": 9.10287e-07, "(-1, 0)": 0.469206, "(0, -1)": 0.241617}, "node3": {"(1, 0)": 7.14611e-10, "(0, 0)": 0.0, "(0, 1)": 3.38257e-06, "(-1, 0)": 0.432738, "(0, -1)": 0.567258}, "node1": {"(1, 0)": 2.40971e-06, "(0, 0)": 0.999996, "(0, 1)": 0.0, "(-1, 0)": 0.0, "(0, -1)": 1.49985e-06}, "node4": {"(1, 0)": 9.11329e-06, "(0, 0)": 0.505466, "(0, 1)": 3.58312e-08, "(-1, 0)": 0.494516, "(0, -1)": 8.71462e-06}}, "n": 4}