{"eta": {"node2": {"(1, 0)": {"false": {"node2": 0.0, "node3": 0.0, "node1": 1.0, "node4": 0.0}, "true": {"node2": 0.0, "node3": 0.0, "node1": 0.0, "node4": 1.0}}, "(0, 0)": {"false": {"node2": 1.0, "node3": 0.0, "node1": 0.0, "node4": 0.0}, "true": {"node2": 0.0, "node3": 0.0, "node1": 1.0, "node4": 0.0}}, "(0, 1)": {"false": {"node2": 0.79465, "node3": 0.20535, "node1": 0.0, "node4": 0.0}, "true": {"node2": 0.0, "node3": 0.0, "node1": 1.0, "node4": 0.0}}, "(-1, 0)": {"false": {"node2": 0.0, "node3": 0.0, "node1": 1.0, "node4": 0.0}, "true": {"node2": 0.18251, "node3": 0.81749, "node1": 0.0, "node4": 0.0}}, "(0, -1)": {"false": {"node2": 0.0, "node3": 0.0, "node1": 1.0, "node4": 0.0}, "true": {"node2": 0.93028, "node3": 0.06173, "node1": 0.00074, "node4": 0.00724}}}, "node3": {"(1, 0)": {"false": {"node2": 0.0, "node3": 0.0, "node1": 1.0, "node4": 0.0}, "true": {"node2": 0.0, "node3": 0.0, "node1": 0.12118, "node4": 0.87882}}, "(0, 0)": {"false": {"node2": 0.99681, "node3": 3e-05, "node1": 3e-05, "node4": 0.00313}, "true": {"node2": 0.0, "node3": 0.0, "node1": 1.0, "node4": 0.0}}, "(0, 1)": {"false": {"node2": 1.0, "node3": 0.0, "node1": 0.0, "node4": 0.0}, "true": {"node2": 0.0, "node3": 0.0, "node1": 1.0, "node4": 0.0}}, "(-1, 0)": {"false": {"node2": 0.0, "node3": 0.0, "node1": 1.0, "node4": 0.0}, "true": {"node2": 0.0, "node3": 0.45955, "node1": 0.54045, "node4": 0.0}}, "(0, -1)": {"false": {"node2": 0.0, "node3": 0.0, "node1": 1.0, "node4": 0.0}, "true": {"node2": 0.89629, "node3": 0.03105, "node1": 0.03475, "node4": 0.0379}}}, "node1": {"(1, 0)": {"false": {"node2": 0.07017, "node3": 0.0, "node1": 0.92983, "node4": 0.0}, "true": {"node2": 0.0, "node3": 0.00748, "node1": 0.94674, "node4": 0.04578}}, "(0, 0)": {"false": {"node2": 0.0041, "node3": 5e-05, "node1": 0.99532, "node4": 0.00052}, "true": {"node2": 0.0, "node3": 0.0, "node1": 1.0, "node4": 0.0}}, "(0, 1)": {"false": {"node2": 0.0, "node3": 0.0, "node1": 0.0, "node4": 1.0}, "true": {"node2": 0.0, "node3": 0.0, "node1": 0.75043, "node4": 0.24957}}, "(-1, 0)": {"false": {"node2": 0.0, "node3": 0.0, "node1": 1.0, "node4": 0.0}, "true": {"node2": 0.0, "node3": 0.0, "node1": 1.0, "node4": 0.0}}, "(0, -1)": {"false": {"node2": 0.0, "node3": 0.0, "node1": 1.0, "node4": 0.0}, "true": {"node2": 1.0, "node3": 0.0, "node1": 0.0, "node4": 0.0}}}, "node4": {"(1, 0)": {"false": {"node2": 0.0, "node3": 0.0, "node1": 0.16759, "node4": 0.83241}, "true": {"node2": 0.00059, "node3": 0.00062, "node1": 0.00521, "node4": 0.99357}}, "(0, 0)": {"false": {"node2": 0.0, "node3": 0.0, "node1": 0.0, "node4": 1.0}, "true": {"node2": 0.0, "node3": 0.0, "node1": 1.0, "node4": 0.0}}, "(0, 1)": {"false": {"node2": 0.0, "node3": 1.0, "node1": 0.0, "node4": 0.0}, "true": {"node2": 0.0, "node3": 0.0, "node1": 1.0, "node4": 0.0}}, "(-1, 0)": {"false": {"node2": 0.00856, "node3": 0.0, "node1": 0.96542, "node4": 0.02603}, "true": {"node2": 0.90958, "node3": 0.03138, "node1": 0.03338, "node4": 0.02565}}, "(0, -1)": {"false": {"node2": 0.0, "node3": 0.0, "node1": 1.0, "node4": 0.0}, "true": {"node2": 0.00795, "node3": 0.0, "node1": 0.0, "node4": 0.99205}}}}, "agent": "Alice", "Q": ["node1", "node2", "node3", "node4"], "psi": {"node2": {"(1, 0)": 0.05819, "(0, 0)": 0.0, "(0, 1)": 0.0, "(-1, 0)": 0.94181, "(0, -1)": 0.0}, "node3": {"(1, 0)": 0.0, "(0, 0)": 0.0, "(0, 1)": 0.0, "(-1, 0)": 1.0, "(0, -1)": 0.0}, "node1": {"(1, 0)": 0.0, "(0, 0)": 0.0, "(0, 1)": 0.0, "(-1, 0)": 0.0, "(0, -1)": 1.0}, "node4": {"(1, 0)": 0.0, "(0, 0)": 1.0, "(0, 1)": 0.0, "(-1, 0)": 0.0, "(0, -1)": 0.0}}, "n": 4}