{"eta": {"node2": {"(1, 0)": {"false": {"node2": 0.0, "node3": 1.0, "node1": 0.0, "node4": 0.0}, "true": {"node2": 0.0, "node3": 0.513146, "node1": 0.486854, "node4": 0.0}}, "(0, 0)": {"false": {"node2": 0.936861, "node3": 0.0114933, "node1": 0.0, "node4": 0.0516457}, "true": {"node2": 0.0, "node3": 0.0, "node1": 1.0, "node4": 0.0}}, "(0, 1)": {"false": {"node2": 0.0, "node3": 8.47636e-17, "node1": 0.0, "node4": 1.0}, "true": {"node2": 0.00276542, "node3": 0.997235, "node1": 0.0, "node4": 0.0}}, "(-1, 0)": {"false": {"node2": 0.508989, "node3": 0.0, "node1": 0.0, "node4": 0.491011}, "true": {"node2": 0.0, "node3": 0.999981, "node1": 1.90184e-05, "node4": 0.0}}, "(0, -1)": {"false": {"node2": 0.0228989, "node3": 0.775592, "node1": 0.201509, "node4": 0.0}, "true": {"node2": 0.0356302, "node3": 0.0, "node1": 0.0296652, "node4": 0.934705}}}, "node3": {"(1, 0)": {"false": {"node2": 0.00208395, "node3": 0.996996, "node1": 0.0, "node4": 0.000919998}, "true": {"node2": 0.0, "node3": 1.0, "node1": 7.80806e-09, "node4": 0.0}}, "(0, 0)": {"false": {"node2": 0.0, "node3": 0.0, "node1": 0.0, "node4": 1.0}, "true": {"node2": 0.0, "node3": 0.0, "node1": 1.0, "node4": 0.0}}, "(0, 1)": {"false": {"node2": 0.0, "node3": 0.989253, "node1": 0.0, "node4": 0.0107468}, "true": {"node2": 0.0, "node3": 1.0, "node1": 0.0, "node4": 0.0}}, "(-1, 0)": {"false": {"node2": 0.17699, "node3": 0.0, "node1": 0.82301, "node4": 0.0}, "true": {"node2": 0.853, "node3": 0.0, "node1": 0.0, "node4": 0.147}}, "(0, -1)": {"false": {"node2": 0.0214551, "node3": 0.971923, "node1": 0.0, "node4": 0.00662189}, "true": {"node2": 0.00382448, "node3": 0.010763, "node1": 0.978794, "node4": 0.00661858}}}, "node1": {"(1, 0)": {"false": {"node2": 0.0, "node3": 0.321223, "node1": 0.310777, "node4": 0.368001}, "true": {"node2": 0.0613708, "node3": 0.367203, "node1": 0.00249312, "node4": 0.568933}}, "(0, 0)": {"false": {"node2": 2.02434e-06, "node3": 0.0, "node1": 0.999998, "node4": 0.0}, "true": {"node2": 0.0, "node3": 0.0, "node1": 1.0, "node4": 0.0}}, "(0, 1)": {"false": {"node2": 0.0079882, "node3": 0.00346083, "node1": 0.0, "node4": 0.988551}, "true": {"node2": 0.00326906, "node3": 0.0365037, "node1": 0.959903, "node4": 0.000323815}}, "(-1, 0)": {"false": {"node2": 0.0, "node3": 0.0, "node1": 1.0, "node4": 0.0}, "true": {"node2": 1.0, "node3": 0.0, "node1": 0.0, "node4": 0.0}}, "(0, -1)": {"false": {"node2": 0.0, "node3": 0.0, "node1": 0.0, "node4": 1.0}, "true": {"node2": 0.0235179, "node3": 0.011087, "node1": 0.0, "node4": 0.965395}}}, "node4": {"(1, 0)": {"false": {"node2": 0.0361353, "node3": 0.95669, "node1": 0.00717461, "node4": 0.0}, "true": {"node2": 0.00396833, "node3": 0.66457, "node1": 0.286289, "node4": 0.0451723}}, "(0, 0)": {"false": {"node2": 0.0, "node3": 0.0, "node1": 0.0914319, "node4": 0.908568}, "true": {"node2": 0.0, "node3": 0.0, "node1": 1.0, "node4": 0.0}}, "(0, 1)": {"false": {"node2": 0.149502, "node3": 0.121916, "node1": 0.728582, "node4": 0.0}, "true": {"node2": 0.0, "node3": 0.809429, "node1": 0.0, "node4": 0.190571}}, "(-1, 0)": {"false": {"node2": 0.0, "node3": 0.0, "node1": 0.0, "node4": 1.0}, "true": {"node2": 0.0, "node3": 0.0, "node1": 0.0, "node4": 1.0}}, "(0, -1)": {"false": {"node2": 0.0136052, "node3": 0.42803, "node1": 0.326226, "node4": 0.232138}, "true": {"node2": 0.0, "node3": 0.0, "node1": 1.0, "node4": 0.0}}}}, "agent": "Bob", "Q": ["node1", "node2", "node3", "node4"], "psi": {"node2": {"(1, 0)": 0.0, "(0, 0)": 0.154083, "(0, 1)": 0.677956, "(-1, 0)": 0.0176252, "(0, -1)": 0.150336}, "node3": {"(1, 0)": 0.93479, "(0, 0)": 0.0, "(0, 1)": 0.00226797, "(-1, 0)": 0.0, "(0, -1)": 0.0629418}, "node1": {"(1, 0)": 0.0, "(0, 0)": 1.0, "(0, 1)": 0.0, "(-1, 0)": 0.0, "(0, -1)": 0.0}, "node4": {"(1, 0)": 0.994995, "(0, 0)": 0.0, "(0, 1)": 0.00214628, "(-1, 0)": 1.17018e-06, "(0, -1)": 0.002858}}, "n": 4}