{"eta": {"node2": {"(1, 0)": {"false": {"node2": 0.0, "node3": 0.0, "node1": 0.78041, "node4": 0.21959}, "true": {"node2": 0.0, "node3": 0.23521, "node1": 0.76479, "node4": 0.0}}, "(0, 0)": {"false": {"node2": 0.38465, "node3": 0.61535, "node1": 0.0, "node4": 0.0}, "true": {"node2": 0.0, "node3": 0.0, "node1": 1.0, "node4": 0.0}}, "(0, 1)": {"false": {"node2": 1.0, "node3": 0.0, "node1": 0.0, "node4": 0.0}, "true": {"node2": 0.0, "node3": 0.0, "node1": 1.0, "node4": 0.0}}, "(-1, 0)": {"false": {"node2": 0.0, "node3": 0.0332, "node1": 0.9668, "node4": 0.0}, "true": {"node2": 0.33327, "node3": 0.0, "node1": 0.0, "node4": 0.66673}}, "(0, -1)": {"false": {"node2": 0.0, "node3": 0.0, "node1": 0.0, "node4": 1.0}, "true": {"node2": 1.0, "node3": 0.0, "node1": 0.0, "node4": 0.0}}}, "node3": {"(1, 0)": {"false": {"node2": 0.0, "node3": 0.0, "node1": 0.9327, "node4": 0.0673}, "true": {"node2": 0.0, "node3": 0.5058, "node1": 0.4942, "node4": 0.0}}, "(0, 0)": {"false": {"node2": 0.0, "node3": 0.9108, "node1": 0.08921, "node4": 0.0}, "true": {"node2": 0.0, "node3": 0.0, "node1": 1.0, "node4": 0.0}}, "(0, 1)": {"false": {"node2": 0.0, "node3": 1.0, "node1": 0.0, "node4": 0.0}, "true": {"node2": 0.0, "node3": 0.0, "node1": 0.0, "node4": 1.0}}, "(-1, 0)": {"false": {"node2": 0.07355, "node3": 0.18817, "node1": 0.27536, "node4": 0.46292}, "true": {"node2": 0.36131, "node3": 0.5976, "node1": 0.0, "node4": 0.04109}}, "(0, -1)": {"false": {"node2": 0.0, "node3": 0.0, "node1": 1.0, "node4": 0.0}, "true": {"node2": 0.13882, "node3": 0.86118, "node1": 0.0, "node4": 0.0}}}, "node1": {"(1, 0)": {"false": {"node2": 0.39559, "node3": 0.0, "node1": 0.12409, "node4": 0.48032}, "true": {"node2": 0.6344, "node3": 0.01838, "node1": 0.16265, "node4": 0.18457}}, "(0, 0)": {"false": {"node2": 0.0, "node3": 0.0, "node1": 0.80236, "node4": 0.19764}, "true": {"node2": 0.0, "node3": 0.0, "node1": 1.0, "node4": 0.0}}, "(0, 1)": {"false": {"node2": 1.0, "node3": 0.0, "node1": 0.0, "node4": 0.0}, "true": {"node2": 0.0, "node3": 0.0, "node1": 0.59871, "node4": 0.40129}}, "(-1, 0)": {"false": {"node2": 0.0, "node3": 0.0, "node1": 0.0, "node4": 1.0}, "true": {"node2": 0.0, "node3": 0.02784, "node1": 0.0, "node4": 0.97216}}, "(0, -1)": {"false": {"node2": 0.0, "node3": 0.0, "node1": 1.0, "node4": 0.0}, "true": {"node2": 1.0, "node3": 0.0, "node1": 0.0, "node4": 0.0}}}, "node4": {"(1, 0)": {"false": {"node2": 0.0, "node3": 0.0, "node1": 0.0, "node4": 1.0}, "true": {"node2": 0.91169, "node3": 0.08831, "node1": 0.0, "node4": 0.0}}, "(0, 0)": {"false": {"node2": 0.0, "node3": 0.0, "node1": 0.0, "node4": 1.0}, "true": {"node2": 0.0, "node3": 0.0, "node1": 1.0, "node4": 0.0}}, "(0, 1)": {"false": {"node2": 1.0, "node3": 0.0, "node1": 0.0, "node4": 0.0}, "true": {"node2": 0.0, "node3": 0.0, "node1": 1.0, "node4": 0.0}}, "(-1, 0)": {"false": {"node2": 0.0, "node3": 0.09749, "node1": 0.90251, "node4": 0.0}, "true": {"node2": 0.0, "node3": 0.0, "node1": 0.66661, "node4": 0.33339}}, "(0, -1)": {"false": {"node2": 0.0, "node3": 0.0, "node1": 1.0, "node4": 0.0}, "true": {"node2": 0.99932, "node3": 0.00068, "node1": 0.0, "node4": 0.0}}}}, "agent": "Alice", "Q": ["node1", "node2", "node3", "node4"], "psi": {"node2": {"(1, 0)": 0.0, "(0, 0)": 0.0, "(0, 1)": 0.0, "(-1, 0)": 1.0, "(0, -1)": 0.0}, "node3": {"(1, 0)": 0.04291, "(0, 0)": 0.6562, "(0, 1)": 0.0, "(-1, 0)": 0.0, "(0, -1)": 0.30089}, "node1": {"(1, 0)": 0.0, "(0, 0)": 0.0, "(0, 1)": 0.0, "(-1, 0)": 0.0, "(0, -1)": 1.0}, "node4": {"(1, 0)": 0.0, "(0, 0)": 0.0, "(0, 1)": 0.0, "(-1, 0)": 1.0, "(0, -1)": 0.0}}, "n": 4}