{"eta": {"node2": {"(1, 0)": {"false": {"node2": 0.99977, "node3": 0.0, "node1": 0.000106353, "node4": 0.000123734}, "true": {"node2": 2.62162e-05, "node3": 0.938315, "node1": 0.061659, "node4": 0.0}}, "(0, 0)": {"false": {"node2": 0.909624, "node3": 0.0, "node1": 0.0903737, "node4": 2.08608e-06}, "true": {"node2": 0.0, "node3": 0.0, "node1": 1.0, "node4": 0.0}}, "(0, 1)": {"false": {"node2": 1.0, "node3": 0.0, "node1": 0.0, "node4": 0.0}, "true": {"node2": 0.0, "node3": 0.999932, "node1": 6.75927e-05, "node4": 0.0}}, "(-1, 0)": {"false": {"node2": 0.0, "node3": 0.215895, "node1": 0.784105, "node4": 0.0}, "true": {"node2": 0.999971, "node3": 0.0, "node1": 1.35733e-05, "node4": 1.55249e-05}}, "(0, -1)": {"false": {"node2": 0.214983, "node3": 0.0, "node1": 0.723015, "node4": 0.0620019}, "true": {"node2": 0.709302, "node3": 0.268714, "node1": 0.021976, "node4": 7.70818e-06}}}, "node3": {"(1, 0)": {"false": {"node2": 0.0, "node3": 0.0, "node1": 0.175291, "node4": 0.824709}, "true": {"node2": 0.188012, "node3": 0.811988, "node1": 0.0, "node4": 0.0}}, "(0, 0)": {"false": {"node2": 0.230759, "node3": 0.501782, "node1": 0.245015, "node4": 0.0224442}, "true": {"node2": 0.0, "node3": 0.0, "node1": 1.0, "node4": 0.0}}, "(0, 1)": {"false": {"node2": 0.103173, "node3": 0.0578732, "node1": 0.0, "node4": 0.838954}, "true": {"node2": 0.937293, "node3": 0.0, "node1": 0.0627064, "node4": 2.12122e-07}}, "(-1, 0)": {"false": {"node2": 0.000269276, "node3": 0.688485, "node1": 0.0, "node4": 0.311245}, "true": {"node2": 0.701212, "node3": 0.0, "node1": 0.0718184, "node4": 0.226969}}, "(0, -1)": {"false": {"node2": 0.0, "node3": 0.301165, "node1": 0.0, "node4": 0.698835}, "true": {"node2": 0.0, "node3": 9.12525e-07, "node1": 5.0489e-06, "node4": 0.999994}}}, "node1": {"(1, 0)": {"false": {"node2": 0.326856, "node3": 0.0, "node1": 0.341957, "node4": 0.331187}, "true": {"node2": 0.00939666, "node3": 0.0, "node1": 0.990603, "node4": 0.0}}, "(0, 0)": {"false": {"node2": 0.0, "node3": 0.0, "node1": 1.0, "node4": 0.0}, "true": {"node2": 0.0, "node3": 0.0, "node1": 1.0, "node4": 0.0}}, "(0, 1)": {"false": {"node2": 0.0, "node3": 0.443058, "node1": 0.319203, "node4": 0.23774}, "true": {"node2": 0.567247, "node3": 0.0574321, "node1": 0.375321, "node4": 0.0}}, "(-1, 0)": {"false": {"node2": 0.0, "node3": 0.479912, "node1": 0.0, "node4": 0.520088}, "true": {"node2": 1.0, "node3": 0.0, "node1": 0.0, "node4": 0.0}}, "(0, -1)": {"false": {"node2": 0.0, "node3": 0.0, "node1": 0.0, "node4": 1.0}, "true": {"node2": 0.0, "node3": 0.0, "node1": 0.797558, "node4": 0.202442}}}, "node4": {"(1, 0)": {"false": {"node2": 0.171662, "node3": 0.760719, "node1": 0.0676187, "node4": 0.0}, "true": {"node2": 0.966057, "node3": 0.0339435, "node1": 0.0, "node4": 0.0}}, "(0, 0)": {"false": {"node2": 3.20334e-05, "node3": 0.77246, "node1": 0.227475, "node4": 3.29045e-05}, "true": {"node2": 0.0, "node3": 0.0, "node1": 1.0, "node4": 0.0}}, "(0, 1)": {"false": {"node2": 0.0, "node3": 0.162519, "node1": 0.837481, "node4": 0.0}, "true": {"node2": 0.622415, "node3": 0.0413812, "node1": 0.166288, "node4": 0.169915}}, "(-1, 0)": {"false": {"node2": 0.887615, "node3": 0.0, "node1": 0.112385, "node4": 0.0}, "true": {"node2": 0.0, "node3": 0.967698, "node1": 0.0323025, "node4": 0.0}}, "(0, -1)": {"false": {"node2": 0.0, "node3": 0.0, "node1": 0.0, "node4": 1.0}, "true": {"node2": 0.0, "node3": 0.0, "node1": 0.0, "node4": 1.0}}}}, "agent": "Bob", "Q": ["node1", "node2", "node3", "node4"], "psi": {"node2": {"(1, 0)": 0.137689, "(0, 0)": 0.499809, "(0, 1)": 0.00708562, "(-1, 0)": 0.0848537, "(0, -1)": 0.270563}, "node3": {"(1, 0)": 0.343063, "(0, 0)": 0.524926, "(0, 1)": 0.0338581, "(-1, 0)": 0.0765816, "(0, -1)": 0.021571}, "node1": {"(1, 0)": 0.0, "(0, 0)": 1.0, "(0, 1)": 1.55518e-08, "(-1, 0)": 0.0, "(0, -1)": 0.0}, "node4": {"(1, 0)": 0.0390718, "(0, 0)": 0.173868, "(0, 1)": 0.675821, "(-1, 0)": 0.110928, "(0, -1)": 0.000311857}}, "n": 4}