{"eta": {"node2": {"(1, 0)": {"false": {"node2": 0.0, "node3": 0.377573, "node1": 0.622427, "node4": 0.0}, "true": {"node2": 0.832052, "node3": 0.0816301, "node1": 0.0863175, "node4": 0.0}}, "(0, 0)": {"false": {"node2": 1.37911e-16, "node3": 0.0, "node1": 0.0, "node4": 1.0}, "true": {"node2": 0.0, "node3": 0.0, "node1": 1.0, "node4": 0.0}}, "(0, 1)": {"false": {"node2": 0.0, "node3": 0.284316, "node1": 0.0, "node4": 0.715684}, "true": {"node2": 0.0, "node3": 0.0, "node1": 1.0, "node4": 3.55022e-16}}, "(-1, 0)": {"false": {"node2": 0.0, "node3": 0.235501, "node1": 0.764499, "node4": 0.0}, "true": {"node2": 0.0, "node3": 0.0921983, "node1": 0.907802, "node4": 0.0}}, "(0, -1)": {"false": {"node2": 0.0, "node3": 0.0, "node1": 1.0, "node4": 0.0}, "true": {"node2": 0.0, "node3": 0.768833, "node1": 0.0, "node4": 0.231167}}}, "node3": {"(1, 0)": {"false": {"node2": 0.0, "node3": 3.06808e-16, "node1": 1.0, "node4": 0.0}, "true": {"node2": 0.0, "node3": 0.0, "node1": 1.0, "node4": 0.0}}, "(0, 0)": {"false": {"node2": 0.0, "node3": 5.82867e-16, "node1": 1.0, "node4": 0.0}, "true": {"node2": 0.0, "node3": 0.0, "node1": 1.0, "node4": 0.0}}, "(0, 1)": {"false": {"node2": 0.0, "node3": 3.06808e-16, "node1": 1.0, "node4": 0.0}, "true": {"node2": 0.0, "node3": 0.0, "node1": 0.0, "node4": 1.0}}, "(-1, 0)": {"false": {"node2": 0.0, "node3": 0.0, "node1": 1.0, "node4": 0.0}, "true": {"node2": 0.0, "node3": 5.10703e-15, "node1": 1.0, "node4": 0.0}}, "(0, -1)": {"false": {"node2": 2.77556e-16, "node3": 0.0, "node1": 0.0, "node4": 1.0}, "true": {"node2": 0.0, "node3": 2.77556e-17, "node1": 1.0, "node4": 0.0}}}, "node1": {"(1, 0)": {"false": {"node2": 0.0, "node3": 0.0, "node1": 1.0, "node4": 0.0}, "true": {"node2": 0.0, "node3": 0.0, "node1": 1.0, "node4": 0.0}}, "(0, 0)": {"false": {"node2": 0.0, "node3": 0.359933, "node1": 0.640067, "node4": 0.0}, "true": {"node2": 0.0, "node3": 0.0, "node1": 1.0, "node4": 0.0}}, "(0, 1)": {"false": {"node2": 0.0, "node3": 0.306555, "node1": 0.693445, "node4": 0.0}, "true": {"node2": 3.03365e-16, "node3": 0.0, "node1": 0.0, "node4": 1.0}}, "(-1, 0)": {"false": {"node2": 0.0, "node3": 0.0, "node1": 1.0, "node4": 0.0}, "true": {"node2": 0.0, "node3": 0.0, "node1": 1.0, "node4": 0.0}}, "(0, -1)": {"false": {"node2": 3.46945e-17, "node3": 0.0, "node1": 0.0, "node4": 1.0}, "true": {"node2": 0.0, "node3": 5.8967e-17, "node1": 1.0, "node4": 0.0}}}, "node4": {"(1, 0)": {"false": {"node2": 0.0, "node3": 3.06808e-16, "node1": 1.0, "node4": 0.0}, "true": {"node2": 0.382794, "node3": 0.0, "node1": 0.0, "node4": 0.617206}}, "(0, 0)": {"false": {"node2": 0.0, "node3": 0.0, "node1": 0.0, "node4": 1.0}, "true": {"node2": 0.0, "node3": 0.0, "node1": 1.0, "node4": 0.0}}, "(0, 1)": {"false": {"node2": 0.0, "node3": 0.0, "node1": 1.0, "node4": 0.0}, "true": {"node2": 1.0, "node3": 0.0, "node1": 0.0, "node4": 0.0}}, "(-1, 0)": {"false": {"node2": 0.0, "node3": 0.0, "node1": 1.0, "node4": 0.0}, "true": {"node2": 0.0, "node3": 0.0, "node1": 1.0, "node4": 0.0}}, "(0, -1)": {"false": {"node2": 0.0, "node3": 0.0, "node1": 0.0, "node4": 1.0}, "true": {"node2": 0.0, "node3": 1.11022e-15, "node1": 1.0, "node4": 0.0}}}}, "agent": "Bob", "Q": ["node1", "node2", "node3", "node4"], "psi": {"node2": {"(1, 0)": 0.719087, "(0, 0)": 0.0, "(0, 1)": 0.0, "(-1, 0)": 0.280913, "(0, -1)": 0.0}, "node3": {"(1, 0)": 0.0, "(0, 0)": 0.0, "(0, 1)": 1.0, "(-1, 0)": 0.0, "(0, -1)": 0.0}, "node1": {"(1, 0)": 0.0, "(0, 0)": 0.0, "(0, 1)": 1.0, "(-1, 0)": 1.41815e-13, "(0, -1)": 0.0}, "node4": {"(1, 0)": 0.969411, "(0, 0)": 0.0, "(0, 1)": 0.0, "(-1, 0)": 0.0305889, "(0, -1)": 0.0}}, "n": 4}