{"eta": {"node2": {"(1, 0)": {"false": {"node2": 0.0937739, "node3": 0.0111677, "node1": 0.895058, "node4": 0.0}, "true": {"node2": 0.968662, "node3": 0.00245308, "node1": 0.0288578, "node4": 2.68236e-05}}, "(0, 0)": {"false": {"node2": 1.0, "node3": 8.47636e-17, "node1": 0.0, "node4": 0.0}, "true": {"node2": 0.0, "node3": 0.0, "node1": 1.0, "node4": 0.0}}, "(0, 1)": {"false": {"node2": 0.0, "node3": 0.0, "node1": 1.0, "node4": 0.0}, "true": {"node2": 0.0, "node3": 0.0, "node1": 1.0, "node4": 0.0}}, "(-1, 0)": {"false": {"node2": 0.0, "node3": 0.0582568, "node1": 0.882189, "node4": 0.0595543}, "true": {"node2": 0.0483195, "node3": 0.590563, "node1": 0.0138049, "node4": 0.347313}}, "(0, -1)": {"false": {"node2": 0.0, "node3": 0.0, "node1": 1.0, "node4": 3.06808e-16}, "true": {"node2": 0.0, "node3": 1.0, "node1": 0.0, "node4": 0.0}}}, "node3": {"(1, 0)": {"false": {"node2": 0.0, "node3": 0.0, "node1": 1.0, "node4": 0.0}, "true": {"node2": 1.0, "node3": 2.48065e-16, "node1": 0.0, "node4": 0.0}}, "(0, 0)": {"false": {"node2": 0.180229, "node3": 0.812102, "node1": 0.00740363, "node4": 0.000265477}, "true": {"node2": 0.0, "node3": 0.0, "node1": 1.0, "node4": 0.0}}, "(0, 1)": {"false": {"node2": 0.0, "node3": 0.0, "node1": 1.0, "node4": 0.0}, "true": {"node2": 0.0, "node3": 0.0, "node1": 0.940145, "node4": 0.0598554}}, "(-1, 0)": {"false": {"node2": 0.0, "node3": 0.0, "node1": 0.196806, "node4": 0.803194}, "true": {"node2": 0.165899, "node3": 0.740377, "node1": 0.0539202, "node4": 0.0398037}}, "(0, -1)": {"false": {"node2": 0.333235, "node3": 0.0, "node1": 0.666765, "node4": 0.0}, "true": {"node2": 0.139992, "node3": 0.85086, "node1": 0.000107791, "node4": 0.00903998}}}, "node1": {"(1, 0)": {"false": {"node2": 0.0, "node3": 0.0, "node1": 0.909408, "node4": 0.0905918}, "true": {"node2": 0.0, "node3": 0.000662025, "node1": 0.935596, "node4": 0.0637418}}, "(0, 0)": {"false": {"node2": 0.40979, "node3": 0.0, "node1": 0.440083, "node4": 0.150127}, "true": {"node2": 0.0, "node3": 0.0, "node1": 1.0, "node4": 0.0}}, "(0, 1)": {"false": {"node2": 0.0, "node3": 0.0, "node1": 1.0, "node4": 0.0}, "true": {"node2": 0.0, "node3": 0.0187408, "node1": 0.981259, "node4": 0.0}}, "(-1, 0)": {"false": {"node2": 0.0, "node3": 0.0, "node1": 1.0, "node4": 0.0}, "true": {"node2": 0.832716, "node3": 0.0, "node1": 0.097094, "node4": 0.0701899}}, "(0, -1)": {"false": {"node2": 0.0, "node3": 0.0, "node1": 1.0, "node4": 0.0}, "true": {"node2": 0.0, "node3": 0.383062, "node1": 0.0, "node4": 0.616938}}}, "node4": {"(1, 0)": {"false": {"node2": 0.0, "node3": 0.00496141, "node1": 0.972145, "node4": 0.0228933}, "true": {"node2": 0.879736, "node3": 0.104524, "node1": 0.0, "node4": 0.01574}}, "(0, 0)": {"false": {"node2": 0.0499786, "node3": 0.0732963, "node1": 0.00680757, "node4": 0.869917}, "true": {"node2": 0.0, "node3": 0.0, "node1": 1.0, "node4": 0.0}}, "(0, 1)": {"false": {"node2": 0.0, "node3": 0.183889, "node1": 0.0, "node4": 0.816111}, "true": {"node2": 0.0, "node3": 2.28983e-16, "node1": 0.0, "node4": 1.0}}, "(-1, 0)": {"false": {"node2": 0.0, "node3": 0.0, "node1": 1.0, "node4": 3.06808e-16}, "true": {"node2": 0.0, "node3": 0.0, "node1": 0.310882, "node4": 0.689118}}, "(0, -1)": {"false": {"node2": 1.0, "node3": 0.0, "node1": 0.0, "node4": 0.0}, "true": {"node2": 0.0, "node3": 0.119581, "node1": 0.756457, "node4": 0.123962}}}}, "agent": "Alice", "Q": ["node1", "node2", "node3", "node4"], "psi": {"node2": {"(1, 0)": 0.0, "(0, 0)": 1.0, "(0, 1)": 0.0, "(-1, 0)": 0.0, "(0, -1)": 0.0}, "node3": {"(1, 0)": 1.0, "(0, 0)": 0.0, "(0, 1)": 0.0, "(-1, 0)": 0.0, "(0, -1)": 0.0}, "node1": {"(1, 0)": 0.0, "(0, 0)": 0.0, "(0, 1)": 0.0, "(-1, 0)": 0.0, "(0, -1)": 1.0}, "node4": {"(1, 0)": 0.0, "(0, 0)": 0.0, "(0, 1)": 0.0, "(-1, 0)": 1.0, "(0, -1)": 0.0}}, "n": 4}