{"eta": {"node5": {"(1, 0)": {"false": {"node5": 0.0, "node1": 0.0, "node4": 0.0, "node2": 0.0, "node6": 1.0, "node3": 0.0}, "true": {"node5": 0.0, "node1": 1.0, "node4": 0.0, "node2": 0.0, "node6": 0.0, "node3": 0.0}}, "(0, 0)": {"false": {"node5": 0.235878, "node1": 0.0, "node4": 0.0, "node2": 0.0, "node6": 0.0, "node3": 0.764122}, "true": {"node5": 0.0, "node1": 1.0, "node4": 0.0, "node2": 0.0, "node6": 0.0, "node3": 0.0}}, "(0, 1)": {"false": {"node5": 1.31839e-16, "node1": 0.0, "node4": 0.0, "node2": 1.0, "node6": 0.0, "node3": 0.0}, "true": {"node5": 0.0, "node1": 0.00209835, "node4": 0.0, "node2": 0.997368, "node6": 0.0, "node3": 0.000533962}}, "(-1, 0)": {"false": {"node5": 0.0, "node1": 0.0, "node4": 0.0, "node2": 0.0885556, "node6": 0.0, "node3": 0.911444}, "true": {"node5": 0.0023746, "node1": 0.0, "node4": 0.0, "node2": 0.112295, "node6": 0.0, "node3": 0.88533}}, "(0, -1)": {"false": {"node5": 0.0, "node1": 0.0, "node4": 0.0, "node2": 1.0, "node6": 0.0, "node3": 0.0}, "true": {"node5": 0.0, "node1": 0.0, "node4": 1.0, "node2": 0.0, "node6": 0.0, "node3": 0.0}}}, "node1": {"(1, 0)": {"false": {"node5": 0.0, "node1": 0.0, "node4": 1.0, "node2": 0.0, "node6": 0.0, "node3": 0.0}, "true": {"node5": 0.0, "node1": 0.16909, "node4": 0.83091, "node2": 0.0, "node6": 0.0, "node3": 0.0}}, "(0, 0)": {"false": {"node5": 0.0, "node1": 1.0, "node4": 0.0, "node2": 0.0, "node6": 0.0, "node3": 0.0}, "true": {"node5": 0.0, "node1": 1.0, "node4": 0.0, "node2": 0.0, "node6": 0.0, "node3": 0.0}}, "(0, 1)": {"false": {"node5": 0.0, "node1": 3.06808e-16, "node4": 0.0, "node2": 0.0, "node6": 1.0, "node3": 0.0}, "true": {"node5": 0.0, "node1": 0.999376, "node4": 0.000624494, "node2": 0.0, "node6": 0.0, "node3": 0.0}}, "(-1, 0)": {"false": {"node5": 1.0, "node1": 0.0, "node4": 0.0, "node2": 0.0, "node6": 0.0, "node3": 0.0}, "true": {"node5": 0.0, "node1": 0.0, "node4": 1.0, "node2": 0.0, "node6": 0.0, "node3": 0.0}}, "(0, -1)": {"false": {"node5": 0.0, "node1": 0.0, "node4": 0.0, "node2": 0.0, "node6": 0.0, "node3": 1.0}, "true": {"node5": 0.0, "node1": 0.0, "node4": 0.0, "node2": 0.0, "node6": 1.0, "node3": 0.0}}}, "node4": {"(1, 0)": {"false": {"node5": 0.0, "node1": 0.0, "node4": 1.0, "node2": 8.47636e-17, "node6": 0.0, "node3": 0.0}, "true": {"node5": 0.0, "node1": 0.0322918, "node4": 0.596756, "node2": 0.0, "node6": 0.0875129, "node3": 0.283439}}, "(0, 0)": {"false": {"node5": 0.0365981, "node1": 0.00144572, "node4": 0.730641, "node2": 0.163559, "node6": 0.00339523, "node3": 0.0643609}, "true": {"node5": 0.0, "node1": 1.0, "node4": 0.0, "node2": 0.0, "node6": 0.0, "node3": 0.0}}, "(0, 1)": {"false": {"node5": 0.524619, "node1": 0.123632, "node4": 0.0, "node2": 0.0, "node6": 0.0, "node3": 0.351748}, "true": {"node5": 0.012661, "node1": 0.0, "node4": 0.19263, "node2": 0.780248, "node6": 0.0, "node3": 0.0144611}}, "(-1, 0)": {"false": {"node5": 0.0, "node1": 1.0, "node4": 0.0, "node2": 0.0, "node6": 0.0, "node3": 0.0}, "true": {"node5": 0.0, "node1": 0.0, "node4": 0.565402, "node2": 0.434598, "node6": 0.0, "node3": 0.0}}, "(0, -1)": {"false": {"node5": 0.0, "node1": 0.675489, "node4": 0.0, "node2": 0.0, "node6": 0.324511, "node3": 0.0}, "true": {"node5": 0.485625, "node1": 0.181878, "node4": 0.239976, "node2": 0.0, "node6": 0.0925219, "node3": 0.0}}}, "node2": {"(1, 0)": {"false": {"node5": 0.0, "node1": 0.00400845, "node4": 0.0, "node2": 0.784927, "node6": 0.0, "node3": 0.211064}, "true": {"node5": 0.00027297, "node1": 0.0, "node4": 0.0, "node2": 0.752459, "node6": 0.0, "node3": 0.247268}}, "(0, 0)": {"false": {"node5": 0.0, "node1": 0.0, "node4": 0.0, "node2": 0.0, "node6": 1.0, "node3": 0.0}, "true": {"node5": 0.0, "node1": 1.0, "node4": 0.0, "node2": 0.0, "node6": 0.0, "node3": 0.0}}, "(0, 1)": {"false": {"node5": 0.0, "node1": 0.0, "node4": 0.0, "node2": 0.0, "node6": 0.0, "node3": 1.0}, "true": {"node5": 0.0, "node1": 0.0, "node4": 0.0, "node2": 0.0, "node6": 1.0, "node3": 0.0}}, "(-1, 0)": {"false": {"node5": 0.0, "node1": 0.0, "node4": 0.0, "node2": 1.0, "node6": 0.0, "node3": 0.0}, "true": {"node5": 1.0, "node1": 0.0, "node4": 0.0, "node2": 0.0, "node6": 0.0, "node3": 0.0}}, "(0, -1)": {"false": {"node5": 0.0, "node1": 3.95517e-16, "node4": 1.0, "node2": 0.0, "node6": 0.0, "node3": 0.0}, "true": {"node5": 0.0, "node1": 8.47636e-17, "node4": 1.0, "node2": 0.0, "node6": 0.0, "node3": 0.0}}}, "node6": {"(1, 0)": {"false": {"node5": 0.0413092, "node1": 0.437397, "node4": 0.0, "node2": 0.014184, "node6": 0.00653868, "node3": 0.500571}, "true": {"node5": 0.194043, "node1": 0.00200652, "node4": 0.0, "node2": 0.0307188, "node6": 0.532333, "node3": 0.240899}}, "(0, 0)": {"false": {"node5": 0.100614, "node1": 0.000408371, "node4": 0.0, "node2": 0.714726, "node6": 0.0501853, "node3": 0.134067}, "true": {"node5": 0.0, "node1": 1.0, "node4": 0.0, "node2": 0.0, "node6": 0.0, "node3": 0.0}}, "(0, 1)": {"false": {"node5": 0.0, "node1": 0.0, "node4": 0.0, "node2": 1.0, "node6": 0.0, "node3": 0.0}, "true": {"node5": 0.0, "node1": 1.0, "node4": 0.0, "node2": 0.0, "node6": 0.0, "node3": 0.0}}, "(-1, 0)": {"false": {"node5": 0.471329, "node1": 0.0, "node4": 0.0, "node2": 0.0, "node6": 0.0956658, "node3": 0.433005}, "true": {"node5": 0.087494, "node1": 0.707317, "node4": 0.00665765, "node2": 0.00200813, "node6": 0.0324348, "node3": 0.164088}}, "(0, -1)": {"false": {"node5": 0.0, "node1": 0.0, "node4": 0.97579, "node2": 0.0242099, "node6": 0.0, "node3": 0.0}, "true": {"node5": 0.0, "node1": 0.0, "node4": 0.615025, "node2": 0.0, "node6": 0.384975, "node3": 0.0}}}, "node3": {"(1, 0)": {"false": {"node5": 0.0, "node1": 0.0, "node4": 1.0, "node2": 0.0, "node6": 0.0, "node3": 0.0}, "true": {"node5": 0.0, "node1": 0.0, "node4": 0.0, "node2": 0.0, "node6": 1.0, "node3": 0.0}}, "(0, 0)": {"false": {"node5": 0.0, "node1": 1.0, "node4": 0.0, "node2": 0.0, "node6": 0.0, "node3": 0.0}, "true": {"node5": 0.0, "node1": 1.0, "node4": 0.0, "node2": 0.0, "node6": 0.0, "node3": 0.0}}, "(0, 1)": {"false": {"node5": 0.016402, "node1": 0.0, "node4": 0.0, "node2": 0.336279, "node6": 0.0, "node3": 0.647319}, "true": {"node5": 0.0, "node1": 0.000272078, "node4": 0.0, "node2": 0.999566, "node6": 0.0, "node3": 0.000162307}}, "(-1, 0)": {"false": {"node5": 0.0, "node1": 0.0, "node4": 0.0, "node2": 0.0, "node6": 0.0, "node3": 1.0}, "true": {"node5": 0.0, "node1": 1.0, "node4": 0.0, "node2": 0.0, "node6": 0.0, "node3": 0.0}}, "(0, -1)": {"false": {"node5": 0.0, "node1": 0.376973, "node4": 0.0, "node2": 0.623027, "node6": 0.0, "node3": 0.0}, "true": {"node5": 0.0, "node1": 0.318272, "node4": 0.681728, "node2": 0.0, "node6": 0.0, "node3": 0.0}}}}, "agent": "Alice", "Q": ["node1", "node2", "node3", "node4", "node5", "node6"], "psi": {"node5": {"(1, 0)": 0.00268166, "(0, 0)": 0.0, "(0, 1)": 0.988977, "(-1, 0)": 0.0, "(0, -1)": 0.00834177}, "node1": {"(1, 0)": 0.0, "(0, 0)": 1.0, "(0, 1)": 2.57994e-16, "(-1, 0)": 0.0, "(0, -1)": 0.0}, "node4": {"(1, 0)": 0.0, "(0, 0)": 0.830399, "(0, 1)": 0.167898, "(-1, 0)": 0.00170287, "(0, -1)": 0.0}, "node2": {"(1, 0)": 0.9998, "(0, 0)": 0.0, "(0, 1)": 0.0, "(-1, 0)": 0.000199569, "(0, -1)": 0.0}, "node6": {"(1, 0)": 0.846827, "(0, 0)": 0.0509521, "(0, 1)": 0.00623672, "(-1, 0)": 0.0959837, "(0, -1)": 0.0}, "node3": {"(1, 0)": 0.0, "(0, 0)": 0.0, "(0, 1)": 1.0, "(-1, 0)": 0.0, "(0, -1)": 0.0}}, "n": 6}