{"eta": {"node5": {"(1, 0)": {"false": {"node5": 0.0, "node1": 0.0, "node4": 0.0, "node2": 0.0, "node6": 1.0, "node3": 0.0}, "true": {"node5": 0.0, "node1": 0.0, "node4": 0.0, "node2": 0.15182, "node6": 0.17653, "node3": 0.67165}}, "(0, 0)": {"false": {"node5": 1.0, "node1": 0.0, "node4": 0.0, "node2": 0.0, "node6": 0.0, "node3": 0.0}, "true": {"node5": 0.0, "node1": 1.0, "node4": 0.0, "node2": 0.0, "node6": 0.0, "node3": 0.0}}, "(0, 1)": {"false": {"node5": 0.01111, "node1": 0.0, "node4": 0.0, "node2": 0.01598, "node6": 0.96876, "node3": 0.00415}, "true": {"node5": 0.04071, "node1": 5e-05, "node4": 5e-05, "node2": 0.00093, "node6": 5e-05, "node3": 0.9582}}, "(-1, 0)": {"false": {"node5": 0.56283, "node1": 0.2123, "node4": 0.0, "node2": 0.11556, "node6": 0.10931, "node3": 0.0}, "true": {"node5": 0.70232, "node1": 0.0135, "node4": 0.03766, "node2": 0.00389, "node6": 0.22508, "node3": 0.01756}}, "(0, -1)": {"false": {"node5": 0.0, "node1": 0.0, "node4": 0.0, "node2": 0.0, "node6": 0.0, "node3": 1.0}, "true": {"node5": 0.02041, "node1": 0.0, "node4": 0.02978, "node2": 0.0, "node6": 0.91418, "node3": 0.03563}}}, "node1": {"(1, 0)": {"false": {"node5": 0.0, "node1": 0.48124, "node4": 0.05439, "node2": 0.00061, "node6": 0.41089, "node3": 0.05287}, "true": {"node5": 0.07882, "node1": 0.0, "node4": 0.2585, "node2": 0.0, "node6": 0.55892, "node3": 0.10376}}, "(0, 0)": {"false": {"node5": 0.00112, "node1": 0.00084, "node4": 0.99545, "node2": 0.00057, "node6": 0.00202, "node3": 0.0}, "true": {"node5": 0.0, "node1": 1.0, "node4": 0.0, "node2": 0.0, "node6": 0.0, "node3": 0.0}}, "(0, 1)": {"false": {"node5": 0.0, "node1": 1.0, "node4": 0.0, "node2": 0.0, "node6": 0.0, "node3": 0.0}, "true": {"node5": 0.0, "node1": 0.0, "node4": 0.0, "node2": 0.0, "node6": 0.0, "node3": 1.0}}, "(-1, 0)": {"false": {"node5": 0.0, "node1": 1.0, "node4": 0.0, "node2": 0.0, "node6": 0.0, "node3": 0.0}, "true": {"node5": 0.0, "node1": 0.0, "node4": 0.0, "node2": 0.0, "node6": 1.0, "node3": 0.0}}, "(0, -1)": {"false": {"node5": 0.0, "node1": 0.0, "node4": 0.0, "node2": 0.0, "node6": 0.2794, "node3": 0.7206}, "true": {"node5": 0.0, "node1": 0.0, "node4": 0.09906, "node2": 0.0, "node6": 0.90094, "node3": 0.0}}}, "node4": {"(1, 0)": {"false": {"node5": 0.0, "node1": 0.26634, "node4": 0.63562, "node2": 0.0, "node6": 0.09804, "node3": 0.0}, "true": {"node5": 0.29033, "node1": 0.09276, "node4": 0.03768, "node2": 0.09611, "node6": 0.38466, "node3": 0.09847}}, "(0, 0)": {"false": {"node5": 0.0, "node1": 0.0, "node4": 0.0, "node2": 0.0, "node6": 1.0, "node3": 0.0}, "true": {"node5": 0.0, "node1": 1.0, "node4": 0.0, "node2": 0.0, "node6": 0.0, "node3": 0.0}}, "(0, 1)": {"false": {"node5": 0.0, "node1": 0.0, "node4": 0.0, "node2": 0.0, "node6": 1.0, "node3": 0.0}, "true": {"node5": 0.0, "node1": 0.0, "node4": 0.0, "node2": 0.0, "node6": 0.0, "node3": 1.0}}, "(-1, 0)": {"false": {"node5": 0.0, "node1": 0.0, "node4": 1.0, "node2": 0.0, "node6": 0.0, "node3": 0.0}, "true": {"node5": 0.0, "node1": 0.0, "node4": 0.87532, "node2": 0.0, "node6": 0.12468, "node3": 0.0}}, "(0, -1)": {"false": {"node5": 0.0, "node1": 0.0, "node4": 0.0, "node2": 0.0, "node6": 0.0, "node3": 1.0}, "true": {"node5": 0.0, "node1": 1.0, "node4": 0.0, "node2": 0.0, "node6": 0.0, "node3": 0.0}}}, "node2": {"(1, 0)": {"false": {"node5": 0.0, "node1": 0.0, "node4": 0.0, "node2": 0.0, "node6": 1.0, "node3": 0.0}, "true": {"node5": 1.0, "node1": 0.0, "node4": 0.0, "node2": 0.0, "node6": 0.0, "node3": 0.0}}, "(0, 0)": {"false": {"node5": 0.0, "node1": 0.0, "node4": 0.0, "node2": 0.0, "node6": 0.0, "node3": 1.0}, "true": {"node5": 0.0, "node1": 1.0, "node4": 0.0, "node2": 0.0, "node6": 0.0, "node3": 0.0}}, "(0, 1)": {"false": {"node5": 0.0, "node1": 0.0, "node4": 1.0, "node2": 0.0, "node6": 0.0, "node3": 0.0}, "true": {"node5": 0.0, "node1": 0.0, "node4": 0.0, "node2": 1.0, "node6": 0.0, "node3": 0.0}}, "(-1, 0)": {"false": {"node5": 1.0, "node1": 0.0, "node4": 0.0, "node2": 0.0, "node6": 0.0, "node3": 0.0}, "true": {"node5": 0.0, "node1": 0.0, "node4": 1.0, "node2": 0.0, "node6": 0.0, "node3": 0.0}}, "(0, -1)": {"false": {"node5": 0.0, "node1": 0.0, "node4": 1.0, "node2": 0.0, "node6": 0.0, "node3": 0.0}, "true": {"node5": 0.0, "node1": 0.0, "node4": 1.0, "node2": 0.0, "node6": 0.0, "node3": 0.0}}}, "node6": {"(1, 0)": {"false": {"node5": 0.0, "node1": 0.0, "node4": 1.0, "node2": 0.0, "node6": 0.0, "node3": 0.0}, "true": {"node5": 0.0, "node1": 0.0, "node4": 1.0, "node2": 0.0, "node6": 0.0, "node3": 0.0}}, "(0, 0)": {"false": {"node5": 0.0, "node1": 1.0, "node4": 0.0, "node2": 0.0, "node6": 0.0, "node3": 0.0}, "true": {"node5": 0.0, "node1": 1.0, "node4": 0.0, "node2": 0.0, "node6": 0.0, "node3": 0.0}}, "(0, 1)": {"false": {"node5": 0.0, "node1": 1.0, "node4": 0.0, "node2": 0.0, "node6": 0.0, "node3": 0.0}, "true": {"node5": 0.0, "node1": 0.0, "node4": 0.0, "node2": 0.0, "node6": 0.0, "node3": 1.0}}, "(-1, 0)": {"false": {"node5": 0.0, "node1": 0.0, "node4": 0.0, "node2": 0.0, "node6": 0.91286, "node3": 0.08714}, "true": {"node5": 0.0, "node1": 0.0, "node4": 0.0, "node2": 0.0, "node6": 0.99256, "node3": 0.00744}}, "(0, -1)": {"false": {"node5": 0.0, "node1": 0.0, "node4": 0.0, "node2": 0.0, "node6": 1.0, "node3": 0.0}, "true": {"node5": 0.81569, "node1": 0.00291, "node4": 0.03104, "node2": 0.0, "node6": 0.15035, "node3": 0.0}}}, "node3": {"(1, 0)": {"false": {"node5": 0.0, "node1": 0.0, "node4": 1.0, "node2": 0.0, "node6": 0.0, "node3": 0.0}, "true": {"node5": 0.12684, "node1": 0.0, "node4": 0.0, "node2": 0.0, "node6": 0.0, "node3": 0.87316}}, "(0, 0)": {"false": {"node5": 0.0, "node1": 1.0, "node4": 0.0, "node2": 0.0, "node6": 0.0, "node3": 0.0}, "true": {"node5": 0.0, "node1": 1.0, "node4": 0.0, "node2": 0.0, "node6": 0.0, "node3": 0.0}}, "(0, 1)": {"false": {"node5": 0.0, "node1": 0.0, "node4": 1.0, "node2": 0.0, "node6": 0.0, "node3": 0.0}, "true": {"node5": 0.0, "node1": 0.0, "node4": 0.006, "node2": 0.0, "node6": 0.0, "node3": 0.994}}, "(-1, 0)": {"false": {"node5": 0.0, "node1": 1.0, "node4": 0.0, "node2": 0.0, "node6": 0.0, "node3": 0.0}, "true": {"node5": 1.0, "node1": 0.0, "node4": 0.0, "node2": 0.0, "node6": 0.0, "node3": 0.0}}, "(0, -1)": {"false": {"node5": 0.0, "node1": 0.0, "node4": 1.0, "node2": 0.0, "node6": 0.0, "node3": 0.0}, "true": {"node5": 0.0, "node1": 0.37241, "node4": 0.0, "node2": 0.0, "node6": 0.00197, "node3": 0.62562}}}}, "agent": "Bob", "Q": ["node1", "node2", "node3", "node4", "node5", "node6"], "psi": {"node5": {"(1, 0)": 0.0, "(0, 0)": 1.0, "(0, 1)": 0.0, "(-1, 0)": 0.0, "(0, -1)": 0.0}, "node1": {"(1, 0)": 0.0, "(0, 0)": 0.0, "(0, 1)": 1.0, "(-1, 0)": 0.0, "(0, -1)": 0.0}, "node4": {"(1, 0)": 0.0, "(0, 0)": 0.0, "(0, 1)": 1.0, "(-1, 0)": 0.0, "(0, -1)": 0.0}, "node2": {"(1, 0)": 0.0148, "(0, 0)": 0.01147, "(0, 1)": 0.0, "(-1, 0)": 0.93845, "(0, -1)": 0.03528}, "node6": {"(1, 0)": 0.0, "(0, 0)": 0.0, "(0, 1)": 1.0, "(-1, 0)": 0.0, "(0, -1)": 0.0}, "node3": {"(1, 0)": 0.0, "(0, 0)": 0.0, "(0, 1)": 0.0, "(-1, 0)": 1.0, "(0, -1)": 0.0}}, "n": 6}