{"eta": {"node3": {"(1, 0)": {"false": {"node3": 0.0, "node1": 1.0, "node4": 0.0, "node2": 0.0, "node6": 0.0, "node5": 0.0}, "true": {"node3": 0.0, "node1": 1.0, "node4": 0.0, "node2": 0.0, "node6": 0.0, "node5": 0.0}}, "(0, 0)": {"false": {"node3": 0.0, "node1": 1.0, "node4": 0.0, "node2": 0.0, "node6": 0.0, "node5": 0.0}, "true": {"node3": 0.0, "node1": 1.0, "node4": 0.0, "node2": 0.0, "node6": 0.0, "node5": 0.0}}, "(0, 1)": {"false": {"node3": 0.0, "node1": 1.0, "node4": 0.0, "node2": 0.0, "node6": 0.0, "node5": 0.0}, "true": {"node3": 8.47636e-17, "node1": 0.0, "node4": 0.0, "node2": 1.0, "node6": 0.0, "node5": 0.0}}, "(-1, 0)": {"false": {"node3": 0.0, "node1": 0.0, "node4": 0.0, "node2": 0.0, "node6": 0.0, "node5": 1.0}, "true": {"node3": 0.0, "node1": 0.725995, "node4": 0.0, "node2": 0.0, "node6": 0.0, "node5": 0.274005}}, "(0, -1)": {"false": {"node3": 0.0, "node1": 0.0, "node4": 0.0, "node2": 1.0, "node6": 3.06808e-16, "node5": 0.0}, "true": {"node3": 0.0, "node1": 0.0, "node4": 0.0, "node2": 0.998497, "node6": 0.0, "node5": 0.00150344}}}, "node1": {"(1, 0)": {"false": {"node3": 1.0, "node1": 0.0, "node4": 0.0, "node2": 0.0, "node6": 0.0, "node5": 0.0}, "true": {"node3": 0.0, "node1": 0.0, "node4": 0.0, "node2": 0.0, "node6": 1.0, "node5": 0.0}}, "(0, 0)": {"false": {"node3": 0.0, "node1": 0.0, "node4": 1.0, "node2": 0.0, "node6": 0.0, "node5": 0.0}, "true": {"node3": 0.0, "node1": 1.0, "node4": 0.0, "node2": 0.0, "node6": 0.0, "node5": 0.0}}, "(0, 1)": {"false": {"node3": 0.0, "node1": 1.0, "node4": 0.0, "node2": 8.47636e-17, "node6": 0.0, "node5": 0.0}, "true": {"node3": 3.06808e-16, "node1": 0.0, "node4": 0.0, "node2": 1.0, "node6": 0.0, "node5": 0.0}}, "(-1, 0)": {"false": {"node3": 0.0, "node1": 0.0, "node4": 1.0, "node2": 0.0, "node6": 0.0, "node5": 0.0}, "true": {"node3": 0.0, "node1": 0.0, "node4": 1.0, "node2": 0.0, "node6": 0.0, "node5": 0.0}}, "(0, -1)": {"false": {"node3": 0.0, "node1": 0.0, "node4": 0.0621425, "node2": 0.0, "node6": 0.0, "node5": 0.937858}, "true": {"node3": 0.0, "node1": 0.0, "node4": 8.47636e-17, "node2": 0.0, "node6": 0.0, "node5": 1.0}}}, "node4": {"(1, 0)": {"false": {"node3": 0.0, "node1": 0.0, "node4": 1.0, "node2": 0.0, "node6": 0.0, "node5": 0.0}, "true": {"node3": 0.0, "node1": 0.569096, "node4": 0.0, "node2": 0.0, "node6": 0.0, "node5": 0.430904}}, "(0, 0)": {"false": {"node3": 0.179605, "node1": 0.0247522, "node4": 0.212321, "node2": 0.264264, "node6": 0.299332, "node5": 0.019725}, "true": {"node3": 0.0, "node1": 1.0, "node4": 0.0, "node2": 0.0, "node6": 0.0, "node5": 0.0}}, "(0, 1)": {"false": {"node3": 0.564687, "node1": 0.435313, "node4": 0.0, "node2": 0.0, "node6": 0.0, "node5": 0.0}, "true": {"node3": 0.0817919, "node1": 0.0, "node4": 0.435861, "node2": 0.0116343, "node6": 0.312663, "node5": 0.15805}}, "(-1, 0)": {"false": {"node3": 1.0, "node1": 0.0, "node4": 0.0, "node2": 2.22045e-16, "node6": 0.0, "node5": 0.0}, "true": {"node3": 0.725671, "node1": 0.0, "node4": 0.0, "node2": 0.274329, "node6": 0.0, "node5": 0.0}}, "(0, -1)": {"false": {"node3": 0.0, "node1": 0.0, "node4": 1.0, "node2": 0.0, "node6": 0.0, "node5": 0.0}, "true": {"node3": 0.0, "node1": 1.0, "node4": 0.0, "node2": 0.0, "node6": 0.0, "node5": 8.47636e-17}}}, "node2": {"(1, 0)": {"false": {"node3": 0.0, "node1": 0.0, "node4": 0.0, "node2": 0.967106, "node6": 0.0, "node5": 0.0328944}, "true": {"node3": 0.0, "node1": 0.0, "node4": 0.0, "node2": 1.0, "node6": 8.47636e-17, "node5": 0.0}}, "(0, 0)": {"false": {"node3": 0.0, "node1": 0.0, "node4": 1.0, "node2": 0.0, "node6": 0.0, "node5": 0.0}, "true": {"node3": 0.0, "node1": 1.0, "node4": 0.0, "node2": 0.0, "node6": 0.0, "node5": 0.0}}, "(0, 1)": {"false": {"node3": 0.0, "node1": 1.0, "node4": 0.0, "node2": 0.0, "node6": 0.0, "node5": 0.0}, "true": {"node3": 0.0, "node1": 0.0, "node4": 0.0, "node2": 1.0, "node6": 0.0, "node5": 0.0}}, "(-1, 0)": {"false": {"node3": 0.0, "node1": 8.47636e-17, "node4": 0.0, "node2": 1.0, "node6": 0.0, "node5": 0.0}, "true": {"node3": 0.0, "node1": 3.06808e-16, "node4": 0.0, "node2": 1.0, "node6": 0.0, "node5": 0.0}}, "(0, -1)": {"false": {"node3": 0.0, "node1": 0.0, "node4": 0.0, "node2": 1.0, "node6": 0.0, "node5": 0.0}, "true": {"node3": 0.0, "node1": 1.0, "node4": 0.0, "node2": 0.0, "node6": 0.0, "node5": 0.0}}}, "node6": {"(1, 0)": {"false": {"node3": 0.0, "node1": 0.0, "node4": 1.0, "node2": 0.0, "node6": 0.0, "node5": 0.0}, "true": {"node3": 0.0, "node1": 0.0, "node4": 1.0, "node2": 0.0, "node6": 0.0, "node5": 0.0}}, "(0, 0)": {"false": {"node3": 0.0, "node1": 0.00610516, "node4": 0.00381394, "node2": 0.98153, "node6": 0.00517729, "node5": 0.00337385}, "true": {"node3": 0.0, "node1": 1.0, "node4": 0.0, "node2": 0.0, "node6": 0.0, "node5": 0.0}}, "(0, 1)": {"false": {"node3": 0.0, "node1": 0.0, "node4": 1.0, "node2": 0.0, "node6": 0.0, "node5": 0.0}, "true": {"node3": 0.0, "node1": 0.0, "node4": 0.0, "node2": 0.0, "node6": 0.0, "node5": 1.0}}, "(-1, 0)": {"false": {"node3": 0.0, "node1": 0.0, "node4": 0.0, "node2": 0.0, "node6": 0.0, "node5": 1.0}, "true": {"node3": 0.0, "node1": 0.0, "node4": 0.0, "node2": 0.0, "node6": 0.0, "node5": 1.0}}, "(0, -1)": {"false": {"node3": 0.0, "node1": 0.0, "node4": 0.0, "node2": 0.629928, "node6": 0.0, "node5": 0.370072}, "true": {"node3": 0.0683688, "node1": 3.59048e-05, "node4": 0.0, "node2": 0.035223, "node6": 0.896362, "node5": 1.04536e-05}}}, "node5": {"(1, 0)": {"false": {"node3": 0.0, "node1": 0.0, "node4": 1.0, "node2": 0.0, "node6": 0.0, "node5": 0.0}, "true": {"node3": 0.0, "node1": 0.0, "node4": 1.0, "node2": 0.0, "node6": 0.0, "node5": 0.0}}, "(0, 0)": {"false": {"node3": 0.0, "node1": 0.0, "node4": 0.0, "node2": 0.000227109, "node6": 0.0, "node5": 0.999773}, "true": {"node3": 0.0, "node1": 1.0, "node4": 0.0, "node2": 0.0, "node6": 0.0, "node5": 0.0}}, "(0, 1)": {"false": {"node3": 0.0, "node1": 0.0, "node4": 0.0, "node2": 1.0, "node6": 0.0, "node5": 0.0}, "true": {"node3": 0.000327436, "node1": 0.0194084, "node4": 0.0, "node2": 0.0844708, "node6": 0.000116152, "node5": 0.895677}}, "(-1, 0)": {"false": {"node3": 0.0, "node1": 1.0, "node4": 0.0, "node2": 0.0, "node6": 0.0, "node5": 0.0}, "true": {"node3": 0.0, "node1": 0.0, "node4": 0.0, "node2": 1.0, "node6": 0.0, "node5": 0.0}}, "(0, -1)": {"false": {"node3": 0.0, "node1": 0.0, "node4": 0.0, "node2": 0.399563, "node6": 0.0, "node5": 0.600437}, "true": {"node3": 0.0, "node1": 0.13769, "node4": 0.0, "node2": 0.800349, "node6": 0.061961, "node5": 0.0}}}}, "agent": "Bob", "Q": ["node1", "node2", "node3", "node4", "node5", "node6"], "psi": {"node3": {"(1, 0)": 0.0, "(0, 0)": 0.0, "(0, 1)": 0.172015, "(-1, 0)": 0.827985, "(0, -1)": 0.0}, "node1": {"(1, 0)": 0.0, "(0, 0)": 0.0, "(0, 1)": 1.0, "(-1, 0)": 0.0, "(0, -1)": 0.0}, "node4": {"(1, 0)": 0.0303326, "(0, 0)": 0.206231, "(0, 1)": 0.464686, "(-1, 0)": 0.268171, "(0, -1)": 0.0305796}, "node2": {"(1, 0)": 0.0, "(0, 0)": 0.0, "(0, 1)": 0.418078, "(-1, 0)": 0.581922, "(0, -1)": 0.0}, "node6": {"(1, 0)": 0.0, "(0, 0)": 0.974425, "(0, 1)": 0.000499507, "(-1, 0)": 0.00084279, "(0, -1)": 0.0242322}, "node5": {"(1, 0)": 4.76202e-05, "(0, 0)": 0.0869643, "(0, 1)": 0.872362, "(-1, 0)": 0.0406264, "(0, -1)": 0.0}}, "n": 6}