{"eta": {"node3": {"(1, 0)": {"false": {"node3": 0.0, "node1": 0.00181, "node4": 0.0, "node2": 0.99819, "node6": 0.0, "node5": 0.0}, "true": {"node3": 0.0, "node1": 0.00152, "node4": 0.0, "node2": 0.99832, "node6": 0.0, "node5": 0.00017}}, "(0, 0)": {"false": {"node3": 0.0, "node1": 0.0, "node4": 0.42552, "node2": 0.25264, "node6": 0.32184, "node5": 0.0}, "true": {"node3": 0.0, "node1": 1.0, "node4": 0.0, "node2": 0.0, "node6": 0.0, "node5": 0.0}}, "(0, 1)": {"false": {"node3": 0.0, "node1": 1.0, "node4": 0.0, "node2": 0.0, "node6": 0.0, "node5": 0.0}, "true": {"node3": 0.0, "node1": 1.0, "node4": 0.0, "node2": 0.0, "node6": 0.0, "node5": 0.0}}, "(-1, 0)": {"false": {"node3": 0.0, "node1": 1.0, "node4": 0.0, "node2": 0.0, "node6": 0.0, "node5": 0.0}, "true": {"node3": 0.0, "node1": 0.0, "node4": 0.43333, "node2": 0.0, "node6": 0.0, "node5": 0.56667}}, "(0, -1)": {"false": {"node3": 0.0, "node1": 0.0, "node4": 0.0, "node2": 0.0, "node6": 1.0, "node5": 0.0}, "true": {"node3": 0.00725, "node1": 0.0, "node4": 0.0, "node2": 0.01928, "node6": 0.0, "node5": 0.97348}}}, "node1": {"(1, 0)": {"false": {"node3": 0.0, "node1": 0.04816, "node4": 0.0, "node2": 0.95184, "node6": 0.0, "node5": 0.0}, "true": {"node3": 0.11044, "node1": 0.11235, "node4": 0.0, "node2": 0.62552, "node6": 0.15168, "node5": 0.0}}, "(0, 0)": {"false": {"node3": 0.0, "node1": 0.0, "node4": 0.0, "node2": 0.0, "node6": 0.0, "node5": 1.0}, "true": {"node3": 0.0, "node1": 1.0, "node4": 0.0, "node2": 0.0, "node6": 0.0, "node5": 0.0}}, "(0, 1)": {"false": {"node3": 0.0, "node1": 1.0, "node4": 0.0, "node2": 0.0, "node6": 0.0, "node5": 0.0}, "true": {"node3": 0.0, "node1": 1.0, "node4": 0.0, "node2": 0.0, "node6": 0.0, "node5": 0.0}}, "(-1, 0)": {"false": {"node3": 0.0, "node1": 0.0, "node4": 0.0, "node2": 0.0, "node6": 1.0, "node5": 0.0}, "true": {"node3": 0.0, "node1": 0.0, "node4": 0.0, "node2": 0.0, "node6": 1.0, "node5": 0.0}}, "(0, -1)": {"false": {"node3": 0.0, "node1": 0.0, "node4": 0.0, "node2": 0.0, "node6": 0.0, "node5": 1.0}, "true": {"node3": 0.0, "node1": 0.0, "node4": 1.0, "node2": 0.0, "node6": 0.0, "node5": 0.0}}}, "node4": {"(1, 0)": {"false": {"node3": 0.0, "node1": 0.00227, "node4": 0.0, "node2": 0.16907, "node6": 0.82866, "node5": 0.0}, "true": {"node3": 2e-05, "node1": 2e-05, "node4": 0.0, "node2": 0.54495, "node6": 0.0, "node5": 0.45501}}, "(0, 0)": {"false": {"node3": 0.0, "node1": 1.0, "node4": 0.0, "node2": 0.0, "node6": 0.0, "node5": 0.0}, "true": {"node3": 0.0, "node1": 1.0, "node4": 0.0, "node2": 0.0, "node6": 0.0, "node5": 0.0}}, "(0, 1)": {"false": {"node3": 0.0, "node1": 0.0, "node4": 0.01939, "node2": 0.60514, "node6": 0.0, "node5": 0.37547}, "true": {"node3": 0.0, "node1": 1.0, "node4": 0.0, "node2": 0.0, "node6": 0.0, "node5": 0.0}}, "(-1, 0)": {"false": {"node3": 0.0, "node1": 1.0, "node4": 0.0, "node2": 0.0, "node6": 0.0, "node5": 0.0}, "true": {"node3": 0.0, "node1": 1.0, "node4": 0.0, "node2": 0.0, "node6": 0.0, "node5": 0.0}}, "(0, -1)": {"false": {"node3": 0.0, "node1": 1.0, "node4": 0.0, "node2": 0.0, "node6": 0.0, "node5": 0.0}, "true": {"node3": 0.0, "node1": 1.0, "node4": 0.0, "node2": 0.0, "node6": 0.0, "node5": 0.0}}}, "node2": {"(1, 0)": {"false": {"node3": 0.02786, "node1": 0.89895, "node4": 0.02187, "node2": 0.01529, "node6": 0.01637, "node5": 0.01966}, "true": {"node3": 0.0, "node1": 0.04539, "node4": 0.00803, "node2": 0.00743, "node6": 0.92853, "node5": 0.0106}}, "(0, 0)": {"false": {"node3": 0.0525, "node1": 0.00073, "node4": 0.04963, "node2": 0.89659, "node6": 0.0, "node5": 0.00055}, "true": {"node3": 0.0, "node1": 1.0, "node4": 0.0, "node2": 0.0, "node6": 0.0, "node5": 0.0}}, "(0, 1)": {"false": {"node3": 0.0, "node1": 0.0, "node4": 0.0, "node2": 1.0, "node6": 0.0, "node5": 0.0}, "true": {"node3": 0.0, "node1": 0.0, "node4": 0.91601, "node2": 0.08399, "node6": 0.0, "node5": 0.0}}, "(-1, 0)": {"false": {"node3": 0.0, "node1": 0.0, "node4": 0.0, "node2": 0.8694, "node6": 0.0, "node5": 0.1306}, "true": {"node3": 0.99995, "node1": 2e-05, "node4": 0.0, "node2": 3e-05, "node6": 0.0, "node5": 0.0}}, "(0, -1)": {"false": {"node3": 0.0, "node1": 1.0, "node4": 0.0, "node2": 0.0, "node6": 0.0, "node5": 0.0}, "true": {"node3": 0.0, "node1": 1.0, "node4": 0.0, "node2": 0.0, "node6": 0.0, "node5": 0.0}}}, "node6": {"(1, 0)": {"false": {"node3": 0.0, "node1": 0.00042, "node4": 0.0, "node2": 0.03465, "node6": 0.96493, "node5": 0.0}, "true": {"node3": 0.00137, "node1": 1e-05, "node4": 0.0, "node2": 0.0035, "node6": 0.99512, "node5": 0.0}}, "(0, 0)": {"false": {"node3": 0.06947, "node1": 0.00086, "node4": 0.57002, "node2": 0.00185, "node6": 0.34411, "node5": 0.01369}, "true": {"node3": 0.0, "node1": 1.0, "node4": 0.0, "node2": 0.0, "node6": 0.0, "node5": 0.0}}, "(0, 1)": {"false": {"node3": 0.0, "node1": 0.00036, "node4": 0.0, "node2": 0.99964, "node6": 0.0, "node5": 0.0}, "true": {"node3": 0.0, "node1": 1e-05, "node4": 0.0, "node2": 0.0, "node6": 0.99999, "node5": 0.0}}, "(-1, 0)": {"false": {"node3": 1.0, "node1": 0.0, "node4": 0.0, "node2": 0.0, "node6": 0.0, "node5": 0.0}, "true": {"node3": 0.0, "node1": 0.0, "node4": 1.0, "node2": 0.0, "node6": 0.0, "node5": 0.0}}, "(0, -1)": {"false": {"node3": 0.0, "node1": 0.0, "node4": 0.0, "node2": 0.0, "node6": 0.0, "node5": 1.0}, "true": {"node3": 0.0, "node1": 0.00639, "node4": 0.0, "node2": 0.62564, "node6": 0.36797, "node5": 0.0}}}, "node5": {"(1, 0)": {"false": {"node3": 0.0, "node1": 0.17319, "node4": 0.38904, "node2": 0.43777, "node6": 0.0, "node5": 0.0}, "true": {"node3": 0.0, "node1": 0.02907, "node4": 0.0, "node2": 0.72271, "node6": 0.24822, "node5": 0.0}}, "(0, 0)": {"false": {"node3": 0.48867, "node1": 0.36355, "node4": 0.0, "node2": 0.0, "node6": 0.0, "node5": 0.14778}, "true": {"node3": 0.0, "node1": 1.0, "node4": 0.0, "node2": 0.0, "node6": 0.0, "node5": 0.0}}, "(0, 1)": {"false": {"node3": 0.0, "node1": 0.0, "node4": 0.0, "node2": 0.04691, "node6": 0.02895, "node5": 0.92414}, "true": {"node3": 0.04571, "node1": 0.00014, "node4": 0.93513, "node2": 0.01901, "node6": 0.0, "node5": 0.0}}, "(-1, 0)": {"false": {"node3": 0.00419, "node1": 0.0, "node4": 0.8257, "node2": 0.0, "node6": 0.02625, "node5": 0.14386}, "true": {"node3": 0.0, "node1": 0.0, "node4": 0.59289, "node2": 0.0, "node6": 0.40711, "node5": 0.0}}, "(0, -1)": {"false": {"node3": 0.0, "node1": 1.0, "node4": 0.0, "node2": 0.0, "node6": 0.0, "node5": 0.0}, "true": {"node3": 0.0, "node1": 1.0, "node4": 0.0, "node2": 0.0, "node6": 0.0, "node5": 0.0}}}}, "agent": "Alice", "Q": ["node1", "node2", "node3", "node4", "node5", "node6"], "psi": {"node3": {"(1, 0)": 0.9999, "(0, 0)": 0.0, "(0, 1)": 3e-05, "(-1, 0)": 7e-05, "(0, -1)": 0.0}, "node1": {"(1, 0)": 0.0, "(0, 0)": 0.0, "(0, 1)": 1.0, "(-1, 0)": 0.0, "(0, -1)": 0.0}, "node4": {"(1, 0)": 0.99982, "(0, 0)": 0.0, "(0, 1)": 1e-05, "(-1, 0)": 0.00017, "(0, -1)": 0.0}, "node2": {"(1, 0)": 0.0, "(0, 0)": 0.9323, "(0, 1)": 0.03516, "(-1, 0)": 0.03254, "(0, -1)": 0.0}, "node6": {"(1, 0)": 0.85294, "(0, 0)": 0.0, "(0, 1)": 0.14141, "(-1, 0)": 0.0, "(0, -1)": 0.00565}, "node5": {"(1, 0)": 0.0, "(0, 0)": 0.01154, "(0, 1)": 0.98833, "(-1, 0)": 0.0, "(0, -1)": 0.00013}}, "n": 6}