{"eta": {"node3": {"(1, 0)": {"false": {"node3": 0.346208, "node1": 0.0, "node4": 0.653792, "node2": 0.0, "node6": 0.0, "node5": 0.0}, "true": {"node3": 0.821728, "node1": 0.0, "node4": 0.178272, "node2": 0.0, "node6": 0.0, "node5": 0.0}}, "(0, 0)": {"false": {"node3": 1.0, "node1": 0.0, "node4": 0.0, "node2": 0.0, "node6": 0.0, "node5": 0.0}, "true": {"node3": 0.0, "node1": 1.0, "node4": 0.0, "node2": 0.0, "node6": 0.0, "node5": 0.0}}, "(0, 1)": {"false": {"node3": 0.0, "node1": 0.316219, "node4": 0.0, "node2": 0.683781, "node6": 0.0, "node5": 0.0}, "true": {"node3": 0.764247, "node1": 0.0, "node4": 0.0, "node2": 0.0, "node6": 0.0, "node5": 0.235753}}, "(-1, 0)": {"false": {"node3": 0.0, "node1": 0.0733328, "node4": 0.19486, "node2": 0.731807, "node6": 0.0, "node5": 0.0}, "true": {"node3": 1.0, "node1": 0.0, "node4": 0.0, "node2": 0.0, "node6": 0.0, "node5": 0.0}}, "(0, -1)": {"false": {"node3": 1.0, "node1": 0.0, "node4": 0.0, "node2": 0.0, "node6": 0.0, "node5": 0.0}, "true": {"node3": 0.34457, "node1": 0.0, "node4": 0.65543, "node2": 0.0, "node6": 0.0, "node5": 0.0}}}, "node1": {"(1, 0)": {"false": {"node3": 0.622072, "node1": 0.377928, "node4": 0.0, "node2": 0.0, "node6": 0.0, "node5": 0.0}, "true": {"node3": 0.323026, "node1": 0.362174, "node4": 0.139124, "node2": 0.151652, "node6": 0.0, "node5": 0.0240239}}, "(0, 0)": {"false": {"node3": 0.00900514, "node1": 0.692773, "node4": 9.04777e-05, "node2": 0.297663, "node6": 2.10579e-06, "node5": 0.000466543}, "true": {"node3": 0.0, "node1": 1.0, "node4": 0.0, "node2": 0.0, "node6": 0.0, "node5": 0.0}}, "(0, 1)": {"false": {"node3": 0.0, "node1": 1.0, "node4": 0.0, "node2": 1.92794e-13, "node6": 0.0, "node5": 0.0}, "true": {"node3": 0.0, "node1": 0.0, "node4": 0.0, "node2": 0.0, "node6": 0.0, "node5": 1.0}}, "(-1, 0)": {"false": {"node3": 0.397575, "node1": 0.0, "node4": 0.0, "node2": 0.602425, "node6": 0.0, "node5": 0.0}, "true": {"node3": 0.120632, "node1": 0.703174, "node4": 0.0417799, "node2": 0.115062, "node6": 0.0, "node5": 0.0193521}}, "(0, -1)": {"false": {"node3": 0.0, "node1": 0.0798156, "node4": 0.0, "node2": 0.0, "node6": 0.920184, "node5": 0.0}, "true": {"node3": 0.201234, "node1": 0.523556, "node4": 0.0, "node2": 0.0, "node6": 0.27521, "node5": 0.0}}}, "node4": {"(1, 0)": {"false": {"node3": 0.0, "node1": 1.0, "node4": 0.0, "node2": 4.44089e-16, "node6": 0.0, "node5": 0.0}, "true": {"node3": 0.0, "node1": 0.0, "node4": 0.0830289, "node2": 0.0, "node6": 0.916971, "node5": 0.0}}, "(0, 0)": {"false": {"node3": 0.0, "node1": 0.0, "node4": 0.740079, "node2": 0.0, "node6": 0.259921, "node5": 0.0}, "true": {"node3": 0.0, "node1": 1.0, "node4": 0.0, "node2": 0.0, "node6": 0.0, "node5": 0.0}}, "(0, 1)": {"false": {"node3": 0.0, "node1": 0.0, "node4": 0.0, "node2": 1.0, "node6": 0.0, "node5": 0.0}, "true": {"node3": 0.264201, "node1": 0.0, "node4": 0.735799, "node2": 0.0, "node6": 0.0, "node5": 0.0}}, "(-1, 0)": {"false": {"node3": 0.694412, "node1": 0.0, "node4": 0.305588, "node2": 0.0, "node6": 0.0, "node5": 0.0}, "true": {"node3": 0.0, "node1": 0.0, "node4": 0.184569, "node2": 0.815431, "node6": 0.0, "node5": 0.0}}, "(0, -1)": {"false": {"node3": 0.0, "node1": 0.0, "node4": 0.0, "node2": 0.0, "node6": 1.0, "node5": 0.0}, "true": {"node3": 0.803115, "node1": 0.0, "node4": 0.0, "node2": 0.0, "node6": 0.196885, "node5": 0.0}}}, "node2": {"(1, 0)": {"false": {"node3": 0.0, "node1": 0.803827, "node4": 0.0, "node2": 0.196173, "node6": 0.0, "node5": 0.0}, "true": {"node3": 0.133436, "node1": 0.0, "node4": 0.0, "node2": 0.866564, "node6": 0.0, "node5": 0.0}}, "(0, 0)": {"false": {"node3": 0.0, "node1": 0.149789, "node4": 0.737824, "node2": 0.112387, "node6": 0.0, "node5": 0.0}, "true": {"node3": 0.0, "node1": 1.0, "node4": 0.0, "node2": 0.0, "node6": 0.0, "node5": 0.0}}, "(0, 1)": {"false": {"node3": 0.0, "node1": 0.900362, "node4": 0.0, "node2": 0.0996376, "node6": 0.0, "node5": 0.0}, "true": {"node3": 0.0, "node1": 0.0, "node4": 0.866202, "node2": 0.0, "node6": 0.0, "node5": 0.133798}}, "(-1, 0)": {"false": {"node3": 1.0, "node1": 0.0, "node4": 0.0, "node2": 0.0, "node6": 0.0, "node5": 0.0}, "true": {"node3": 0.0, "node1": 1.0, "node4": 0.0, "node2": 0.0, "node6": 1.17527e-17, "node5": 0.0}}, "(0, -1)": {"false": {"node3": 1.0, "node1": 0.0, "node4": 0.0, "node2": 0.0, "node6": 0.0, "node5": 0.0}, "true": {"node3": 0.0759582, "node1": 0.0, "node4": 0.0, "node2": 0.924042, "node6": 0.0, "node5": 0.0}}}, "node6": {"(1, 0)": {"false": {"node3": 0.0, "node1": 0.0, "node4": 0.0, "node2": 1.0, "node6": 0.0, "node5": 0.0}, "true": {"node3": 0.0, "node1": 0.916031, "node4": 0.0, "node2": 0.0, "node6": 0.0839685, "node5": 0.0}}, "(0, 0)": {"false": {"node3": 0.737875, "node1": 0.159735, "node4": 0.0, "node2": 0.0, "node6": 0.0, "node5": 0.10239}, "true": {"node3": 0.0, "node1": 1.0, "node4": 0.0, "node2": 0.0, "node6": 0.0, "node5": 0.0}}, "(0, 1)": {"false": {"node3": 0.0199544, "node1": 0.390254, "node4": 0.0, "node2": 0.589792, "node6": 0.0, "node5": 0.0}, "true": {"node3": 0.00964076, "node1": 0.000523009, "node4": 0.97738, "node2": 0.0, "node6": 0.00228717, "node5": 0.0101694}}, "(-1, 0)": {"false": {"node3": 0.0, "node1": 0.0, "node4": 0.0, "node2": 1.0, "node6": 0.0, "node5": 0.0}, "true": {"node3": 0.654281, "node1": 0.0, "node4": 0.0160847, "node2": 0.329635, "node6": 0.0, "node5": 0.0}}, "(0, -1)": {"false": {"node3": 0.0, "node1": 0.0, "node4": 1.0, "node2": 0.0, "node6": 0.0, "node5": 0.0}, "true": {"node3": 0.0, "node1": 0.0, "node4": 0.793052, "node2": 0.194183, "node6": 0.0127651, "node5": 0.0}}}, "node5": {"(1, 0)": {"false": {"node3": 0.0, "node1": 1.0, "node4": 0.0, "node2": 2.27457e-13, "node6": 0.0, "node5": 0.0}, "true": {"node3": 0.0, "node1": 0.0, "node4": 1.0, "node2": 0.0, "node6": 0.0, "node5": 0.0}}, "(0, 0)": {"false": {"node3": 0.0, "node1": 0.0, "node4": 1.0, "node2": 2.02373e-17, "node6": 0.0, "node5": 0.0}, "true": {"node3": 0.0, "node1": 1.0, "node4": 0.0, "node2": 0.0, "node6": 0.0, "node5": 0.0}}, "(0, 1)": {"false": {"node3": 0.0, "node1": 0.0, "node4": 0.0, "node2": 0.0, "node6": 0.0, "node5": 1.0}, "true": {"node3": 0.0387837, "node1": 0.0, "node4": 0.815832, "node2": 0.0, "node6": 0.0, "node5": 0.145384}}, "(-1, 0)": {"false": {"node3": 0.0, "node1": 1.0, "node4": 0.0, "node2": 1.42247e-16, "node6": 0.0, "node5": 0.0}, "true": {"node3": 1.0, "node1": 0.0, "node4": 0.0, "node2": 0.0, "node6": 0.0, "node5": 0.0}}, "(0, -1)": {"false": {"node3": 0.914266, "node1": 0.0, "node4": 0.0, "node2": 0.0857336, "node6": 0.0, "node5": 0.0}, "true": {"node3": 0.0, "node1": 0.0, "node4": 0.0689186, "node2": 0.0, "node6": 0.0637314, "node5": 0.86735}}}}, "agent": "Bob", "Q": ["node1", "node2", "node3", "node4", "node5", "node6"], "psi": {"node3": {"(1, 0)": 0.0, "(0, 0)": 1.0, "(0, 1)": 4.08483e-14, "(-1, 0)": 0.0, "(0, -1)": 0.0}, "node1": {"(1, 0)": 0.0, "(0, 0)": 2.40009e-16, "(0, 1)": 1.0, "(-1, 0)": 0.0, "(0, -1)": 0.0}, "node4": {"(1, 0)": 1.0, "(0, 0)": 8.47636e-17, "(0, 1)": 0.0, "(-1, 0)": 0.0, "(0, -1)": 0.0}, "node2": {"(1, 0)": 0.0, "(0, 0)": 8.47636e-17, "(0, 1)": 1.0, "(-1, 0)": 0.0, "(0, -1)": 0.0}, "node6": {"(1, 0)": 1.0, "(0, 0)": 0.0, "(0, 1)": 0.0, "(-1, 0)": 0.0, "(0, -1)": 0.0}, "node5": {"(1, 0)": 0.934024, "(0, 0)": 0.0, "(0, 1)": 0.0, "(-1, 0)": 0.065976, "(0, -1)": 0.0}}, "n": 6}