{"eta": {"node3": {"(1, 0)": {"false": {"node3": 0.0, "node1": 0.0, "node4": 0.0, "node2": 0.0, "node6": 0.0, "node5": 1.0}, "true": {"node3": 0.0, "node1": 0.0, "node4": 0.0, "node2": 1.0, "node6": 0.0, "node5": 0.0}}, "(0, 0)": {"false": {"node3": 0.46024, "node1": 0.00035, "node4": 0.00629, "node2": 0.11391, "node6": 0.00042, "node5": 0.41881}, "true": {"node3": 0.0, "node1": 1.0, "node4": 0.0, "node2": 0.0, "node6": 0.0, "node5": 0.0}}, "(0, 1)": {"false": {"node3": 0.0, "node1": 0.0, "node4": 0.0, "node2": 0.0, "node6": 0.0, "node5": 1.0}, "true": {"node3": 0.0, "node1": 1e-05, "node4": 0.56474, "node2": 0.01059, "node6": 3e-05, "node5": 0.42463}}, "(-1, 0)": {"false": {"node3": 1.0, "node1": 0.0, "node4": 0.0, "node2": 0.0, "node6": 0.0, "node5": 0.0}, "true": {"node3": 0.85413, "node1": 0.10576, "node4": 0.0, "node2": 0.0, "node6": 0.04012, "node5": 0.0}}, "(0, -1)": {"false": {"node3": 0.0, "node1": 0.0, "node4": 0.0, "node2": 0.09197, "node6": 0.0, "node5": 0.90803}, "true": {"node3": 0.22429, "node1": 2e-05, "node4": 0.0, "node2": 8e-05, "node6": 2e-05, "node5": 0.7756}}}, "node1": {"(1, 0)": {"false": {"node3": 0.1281, "node1": 0.52397, "node4": 0.0869, "node2": 0.09283, "node6": 0.09401, "node5": 0.07419}, "true": {"node3": 0.0, "node1": 0.81906, "node4": 0.13525, "node2": 0.04569, "node6": 0.0, "node5": 0.0}}, "(0, 0)": {"false": {"node3": 0.0, "node1": 1.0, "node4": 0.0, "node2": 0.0, "node6": 0.0, "node5": 0.0}, "true": {"node3": 0.0, "node1": 1.0, "node4": 0.0, "node2": 0.0, "node6": 0.0, "node5": 0.0}}, "(0, 1)": {"false": {"node3": 0.0, "node1": 0.23392, "node4": 0.11484, "node2": 0.08374, "node6": 0.27316, "node5": 0.29435}, "true": {"node3": 0.12904, "node1": 0.75356, "node4": 0.10635, "node2": 0.00038, "node6": 0.0, "node5": 0.01066}}, "(-1, 0)": {"false": {"node3": 0.0, "node1": 0.0, "node4": 0.12839, "node2": 0.0, "node6": 0.0, "node5": 0.87161}, "true": {"node3": 0.0, "node1": 1.0, "node4": 0.0, "node2": 0.0, "node6": 0.0, "node5": 0.0}}, "(0, -1)": {"false": {"node3": 1.0, "node1": 0.0, "node4": 0.0, "node2": 0.0, "node6": 0.0, "node5": 0.0}, "true": {"node3": 0.0, "node1": 1.0, "node4": 0.0, "node2": 0.0, "node6": 0.0, "node5": 0.0}}}, "node4": {"(1, 0)": {"false": {"node3": 0.80878, "node1": 0.0, "node4": 0.0, "node2": 0.0, "node6": 0.0, "node5": 0.19123}, "true": {"node3": 0.34232, "node1": 0.55574, "node4": 0.00756, "node2": 0.05267, "node6": 0.0, "node5": 0.04171}}, "(0, 0)": {"false": {"node3": 0.0, "node1": 0.0, "node4": 1.0, "node2": 0.0, "node6": 0.0, "node5": 0.0}, "true": {"node3": 0.0, "node1": 1.0, "node4": 0.0, "node2": 0.0, "node6": 0.0, "node5": 0.0}}, "(0, 1)": {"false": {"node3": 0.0, "node1": 0.47869, "node4": 0.0, "node2": 0.0, "node6": 0.0, "node5": 0.52131}, "true": {"node3": 0.0, "node1": 0.0, "node4": 0.3343, "node2": 0.0, "node6": 0.0, "node5": 0.6657}}, "(-1, 0)": {"false": {"node3": 0.0, "node1": 0.0, "node4": 0.0, "node2": 1.0, "node6": 0.0, "node5": 0.0}, "true": {"node3": 0.0, "node1": 0.00362, "node4": 0.0971, "node2": 0.10491, "node6": 0.01432, "node5": 0.78005}}, "(0, -1)": {"false": {"node3": 0.0, "node1": 0.0, "node4": 0.0, "node2": 0.00339, "node6": 0.0, "node5": 0.99661}, "true": {"node3": 0.0, "node1": 0.0, "node4": 0.0, "node2": 0.0, "node6": 0.0, "node5": 1.0}}}, "node2": {"(1, 0)": {"false": {"node3": 0.0, "node1": 0.31496, "node4": 0.0, "node2": 0.19635, "node6": 0.0, "node5": 0.4887}, "true": {"node3": 0.0, "node1": 0.13245, "node4": 0.79774, "node2": 0.04296, "node6": 0.01158, "node5": 0.01527}}, "(0, 0)": {"false": {"node3": 0.0, "node1": 0.0, "node4": 0.4229, "node2": 0.28867, "node6": 0.0, "node5": 0.28843}, "true": {"node3": 0.0, "node1": 1.0, "node4": 0.0, "node2": 0.0, "node6": 0.0, "node5": 0.0}}, "(0, 1)": {"false": {"node3": 0.0, "node1": 0.8162, "node4": 0.0, "node2": 0.1838, "node6": 0.0, "node5": 0.0}, "true": {"node3": 0.80507, "node1": 0.14957, "node4": 0.01695, "node2": 0.00811, "node6": 0.0, "node5": 0.0203}}, "(-1, 0)": {"false": {"node3": 0.0, "node1": 0.0, "node4": 0.08532, "node2": 0.91468, "node6": 0.0, "node5": 0.0}, "true": {"node3": 0.0, "node1": 0.0, "node4": 0.0, "node2": 0.0, "node6": 0.0, "node5": 1.0}}, "(0, -1)": {"false": {"node3": 0.0, "node1": 0.52575, "node4": 0.0, "node2": 0.47425, "node6": 0.0, "node5": 0.0}, "true": {"node3": 0.0, "node1": 0.61443, "node4": 0.0, "node2": 0.0, "node6": 0.17866, "node5": 0.20691}}}, "node6": {"(1, 0)": {"false": {"node3": 0.0, "node1": 0.0, "node4": 0.0, "node2": 0.0, "node6": 0.50791, "node5": 0.49209}, "true": {"node3": 0.0, "node1": 0.0, "node4": 0.32997, "node2": 0.4846, "node6": 0.15696, "node5": 0.02847}}, "(0, 0)": {"false": {"node3": 0.0, "node1": 0.0, "node4": 0.52758, "node2": 0.0, "node6": 0.0, "node5": 0.47242}, "true": {"node3": 0.0, "node1": 1.0, "node4": 0.0, "node2": 0.0, "node6": 0.0, "node5": 0.0}}, "(0, 1)": {"false": {"node3": 0.0, "node1": 0.24178, "node4": 0.0, "node2": 0.0, "node6": 0.64519, "node5": 0.11303}, "true": {"node3": 0.0754, "node1": 0.37951, "node4": 0.02033, "node2": 0.28898, "node6": 0.0, "node5": 0.23578}}, "(-1, 0)": {"false": {"node3": 0.0, "node1": 0.0, "node4": 0.0, "node2": 0.0, "node6": 1.0, "node5": 0.0}, "true": {"node3": 0.0, "node1": 0.0, "node4": 0.0, "node2": 0.0, "node6": 0.22372, "node5": 0.77628}}, "(0, -1)": {"false": {"node3": 0.0, "node1": 0.0, "node4": 0.0, "node2": 1.0, "node6": 0.0, "node5": 0.0}, "true": {"node3": 0.0, "node1": 0.0014, "node4": 0.0, "node2": 0.0, "node6": 0.0, "node5": 0.9986}}}, "node5": {"(1, 0)": {"false": {"node3": 0.0, "node1": 1.0, "node4": 0.0, "node2": 0.0, "node6": 0.0, "node5": 0.0}, "true": {"node3": 1.0, "node1": 0.0, "node4": 0.0, "node2": 0.0, "node6": 0.0, "node5": 0.0}}, "(0, 0)": {"false": {"node3": 0.0, "node1": 1.0, "node4": 0.0, "node2": 0.0, "node6": 0.0, "node5": 0.0}, "true": {"node3": 0.0, "node1": 1.0, "node4": 0.0, "node2": 0.0, "node6": 0.0, "node5": 0.0}}, "(0, 1)": {"false": {"node3": 0.0, "node1": 0.0, "node4": 0.0, "node2": 0.02879, "node6": 0.0, "node5": 0.97121}, "true": {"node3": 0.0, "node1": 5e-05, "node4": 0.07386, "node2": 0.0, "node6": 0.0, "node5": 0.92609}}, "(-1, 0)": {"false": {"node3": 0.0, "node1": 0.0031, "node4": 0.9969, "node2": 0.0, "node6": 0.0, "node5": 0.0}, "true": {"node3": 0.0, "node1": 5e-05, "node4": 0.0, "node2": 0.0, "node6": 0.0, "node5": 0.99995}}, "(0, -1)": {"false": {"node3": 0.0, "node1": 0.0, "node4": 1.0, "node2": 0.0, "node6": 0.0, "node5": 0.0}, "true": {"node3": 0.70842, "node1": 0.03642, "node4": 0.0, "node2": 0.0, "node6": 0.25515, "node5": 0.0}}}}, "agent": "Alice", "Q": ["node1", "node2", "node3", "node4", "node5", "node6"], "psi": {"node3": {"(1, 0)": 0.00751, "(0, 0)": 0.81064, "(0, 1)": 0.12922, "(-1, 0)": 0.0, "(0, -1)": 0.05263}, "node1": {"(1, 0)": 0.0, "(0, 0)": 1.0, "(0, 1)": 0.0, "(-1, 0)": 0.0, "(0, -1)": 0.0}, "node4": {"(1, 0)": 0.0, "(0, 0)": 0.0, "(0, 1)": 0.00073, "(-1, 0)": 0.95983, "(0, -1)": 0.03943}, "node2": {"(1, 0)": 0.0, "(0, 0)": 0.00045, "(0, 1)": 0.0, "(-1, 0)": 0.99955, "(0, -1)": 0.0}, "node6": {"(1, 0)": 0.63444, "(0, 0)": 0.00103, "(0, 1)": 0.0, "(-1, 0)": 0.20443, "(0, -1)": 0.1601}, "node5": {"(1, 0)": 0.0, "(0, 0)": 4e-05, "(0, 1)": 0.63167, "(-1, 0)": 0.36828, "(0, -1)": 0.0}}, "n": 6}