{"eta": {"node3": {"(1, 0)": {"false": {"node3": 0.0, "node1": 0.595382, "node4": 0.0, "node2": 0.404618, "node6": 0.0, "node5": 0.0}, "true": {"node3": 0.0, "node1": 0.0, "node4": 0.57181, "node2": 0.0, "node6": 0.42819, "node5": 0.0}}, "(0, 0)": {"false": {"node3": 0.0, "node1": 0.0, "node4": 0.0, "node2": 0.0, "node6": 0.0, "node5": 1.0}, "true": {"node3": 0.0, "node1": 1.0, "node4": 0.0, "node2": 0.0, "node6": 0.0, "node5": 0.0}}, "(0, 1)": {"false": {"node3": 0.0, "node1": 1.0, "node4": 0.0, "node2": 0.0, "node6": 0.0, "node5": 0.0}, "true": {"node3": 0.478664, "node1": 0.246041, "node4": 0.0, "node2": 0.0, "node6": 0.201718, "node5": 0.0735769}}, "(-1, 0)": {"false": {"node3": 0.00814199, "node1": 0.697413, "node4": 0.022872, "node2": 0.0980196, "node6": 0.145712, "node5": 0.0278414}, "true": {"node3": 0.0956693, "node1": 0.780866, "node4": 0.00437971, "node2": 0.0448123, "node6": 0.0512359, "node5": 0.0230366}}, "(0, -1)": {"false": {"node3": 0.0, "node1": 0.0, "node4": 1.0, "node2": 0.0, "node6": 0.0, "node5": 0.0}, "true": {"node3": 0.934369, "node1": 0.0656309, "node4": 0.0, "node2": 0.0, "node6": 0.0, "node5": 0.0}}}, "node1": {"(1, 0)": {"false": {"node3": 0.0, "node1": 0.0, "node4": 0.0, "node2": 0.0, "node6": 0.310483, "node5": 0.689517}, "true": {"node3": 0.0, "node1": 0.0, "node4": 0.0, "node2": 1.0, "node6": 0.0, "node5": 0.0}}, "(0, 0)": {"false": {"node3": 0.0, "node1": 0.506992, "node4": 0.0233878, "node2": 0.0, "node6": 0.46962, "node5": 0.0}, "true": {"node3": 0.0, "node1": 1.0, "node4": 0.0, "node2": 0.0, "node6": 0.0, "node5": 0.0}}, "(0, 1)": {"false": {"node3": 0.0, "node1": 1.0, "node4": 0.0, "node2": 0.0, "node6": 0.0, "node5": 0.0}, "true": {"node3": 4.82253e-16, "node1": 0.0, "node4": 0.0, "node2": 0.0, "node6": 0.0, "node5": 1.0}}, "(-1, 0)": {"false": {"node3": 0.0, "node1": 0.650016, "node4": 0.185429, "node2": 0.0, "node6": 0.164554, "node5": 0.0}, "true": {"node3": 0.0, "node1": 0.610605, "node4": 0.0683754, "node2": 0.32102, "node6": 0.0, "node5": 0.0}}, "(0, -1)": {"false": {"node3": 0.0, "node1": 0.0, "node4": 0.0, "node2": 0.0, "node6": 0.0, "node5": 1.0}, "true": {"node3": 0.184891, "node1": 0.110316, "node4": 0.0, "node2": 0.0, "node6": 0.0, "node5": 0.704793}}}, "node4": {"(1, 0)": {"false": {"node3": 0.0, "node1": 0.0784138, "node4": 0.0, "node2": 0.921586, "node6": 0.0, "node5": 0.0}, "true": {"node3": 0.0, "node1": 0.988718, "node4": 0.0, "node2": 0.0112824, "node6": 0.0, "node5": 0.0}}, "(0, 0)": {"false": {"node3": 0.0, "node1": 0.0, "node4": 0.0, "node2": 0.538691, "node6": 0.461309, "node5": 0.0}, "true": {"node3": 0.0, "node1": 1.0, "node4": 0.0, "node2": 0.0, "node6": 0.0, "node5": 0.0}}, "(0, 1)": {"false": {"node3": 0.0, "node1": 0.729937, "node4": 0.0, "node2": 0.270063, "node6": 0.0, "node5": 0.0}, "true": {"node3": 0.0, "node1": 0.0, "node4": 0.0, "node2": 0.0, "node6": 0.0, "node5": 1.0}}, "(-1, 0)": {"false": {"node3": 0.0, "node1": 0.0, "node4": 0.0, "node2": 0.0, "node6": 1.0, "node5": 0.0}, "true": {"node3": 0.0, "node1": 1.0, "node4": 0.0, "node2": 0.0, "node6": 0.0, "node5": 0.0}}, "(0, -1)": {"false": {"node3": 0.0, "node1": 0.0, "node4": 0.0, "node2": 0.859821, "node6": 0.0, "node5": 0.140179}, "true": {"node3": 0.0, "node1": 0.936035, "node4": 0.0, "node2": 0.0639646, "node6": 0.0, "node5": 0.0}}}, "node2": {"(1, 0)": {"false": {"node3": 0.0, "node1": 0.0, "node4": 0.0, "node2": 0.0, "node6": 0.0, "node5": 1.0}, "true": {"node3": 0.0, "node1": 0.0, "node4": 0.0, "node2": 1.0, "node6": 0.0, "node5": 0.0}}, "(0, 0)": {"false": {"node3": 0.0823487, "node1": 0.242658, "node4": 0.0, "node2": 0.511101, "node6": 0.163893, "node5": 0.0}, "true": {"node3": 0.0, "node1": 1.0, "node4": 0.0, "node2": 0.0, "node6": 0.0, "node5": 0.0}}, "(0, 1)": {"false": {"node3": 0.0, "node1": 1.0, "node4": 0.0, "node2": 1.17303e-13, "node6": 0.0, "node5": 0.0}, "true": {"node3": 3.06808e-16, "node1": 0.0, "node4": 0.0, "node2": 0.0, "node6": 0.0, "node5": 1.0}}, "(-1, 0)": {"false": {"node3": 0.0, "node1": 7.28584e-16, "node4": 1.0, "node2": 0.0, "node6": 0.0, "node5": 0.0}, "true": {"node3": 8.47636e-17, "node1": 0.0, "node4": 0.0, "node2": 0.0, "node6": 0.0, "node5": 1.0}}, "(0, -1)": {"false": {"node3": 0.0, "node1": 0.0, "node4": 0.0, "node2": 0.0, "node6": 0.0, "node5": 1.0}, "true": {"node3": 0.0, "node1": 0.442008, "node4": 0.523934, "node2": 0.0, "node6": 0.0, "node5": 0.0340581}}}, "node6": {"(1, 0)": {"false": {"node3": 0.0, "node1": 1.0, "node4": 0.0, "node2": 0.0, "node6": 0.0, "node5": 0.0}, "true": {"node3": 0.0, "node1": 0.0, "node4": 1.0, "node2": 0.0, "node6": 0.0, "node5": 0.0}}, "(0, 0)": {"false": {"node3": 0.110625, "node1": 0.00768417, "node4": 0.0535255, "node2": 0.0, "node6": 0.828166, "node5": 0.0}, "true": {"node3": 0.0, "node1": 1.0, "node4": 0.0, "node2": 0.0, "node6": 0.0, "node5": 0.0}}, "(0, 1)": {"false": {"node3": 0.0, "node1": 0.193468, "node4": 0.582322, "node2": 0.22421, "node6": 0.0, "node5": 0.0}, "true": {"node3": 0.34576, "node1": 0.0, "node4": 0.0512879, "node2": 0.0, "node6": 0.0244069, "node5": 0.578545}}, "(-1, 0)": {"false": {"node3": 0.0239047, "node1": 0.81977, "node4": 0.0, "node2": 0.119887, "node6": 0.0364381, "node5": 0.0}, "true": {"node3": 0.00243577, "node1": 0.800478, "node4": 0.0290357, "node2": 0.00233358, "node6": 0.00346434, "node5": 0.162253}}, "(0, -1)": {"false": {"node3": 0.223581, "node1": 0.776419, "node4": 0.0, "node2": 0.0, "node6": 0.0, "node5": 0.0}, "true": {"node3": 0.0, "node1": 0.302963, "node4": 0.0, "node2": 0.0, "node6": 0.0, "node5": 0.697037}}}, "node5": {"(1, 0)": {"false": {"node3": 0.0, "node1": 1.0, "node4": 0.0, "node2": 1.27445e-13, "node6": 0.0, "node5": 0.0}, "true": {"node3": 0.988901, "node1": 0.0, "node4": 0.0, "node2": 0.0, "node6": 0.0110988, "node5": 0.0}}, "(0, 0)": {"false": {"node3": 1.0, "node1": 0.0, "node4": 0.0, "node2": 0.0, "node6": 0.0, "node5": 0.0}, "true": {"node3": 0.0, "node1": 1.0, "node4": 0.0, "node2": 0.0, "node6": 0.0, "node5": 0.0}}, "(0, 1)": {"false": {"node3": 0.0, "node1": 1.0, "node4": 0.0, "node2": 0.0, "node6": 0.0, "node5": 0.0}, "true": {"node3": 1.0, "node1": 0.0, "node4": 0.0, "node2": 0.0, "node6": 0.0, "node5": 0.0}}, "(-1, 0)": {"false": {"node3": 0.0, "node1": 1.0, "node4": 0.0, "node2": 0.0, "node6": 0.0, "node5": 0.0}, "true": {"node3": 0.0, "node1": 0.0, "node4": 0.0, "node2": 1.0, "node6": 0.0, "node5": 0.0}}, "(0, -1)": {"false": {"node3": 0.556248, "node1": 0.0, "node4": 0.0, "node2": 0.0, "node6": 0.0, "node5": 0.443752}, "true": {"node3": 0.0, "node1": 1.0, "node4": 0.0, "node2": 0.0, "node6": 0.0, "node5": 0.0}}}}, "agent": "Bob", "Q": ["node1", "node2", "node3", "node4", "node5", "node6"], "psi": {"node3": {"(1, 0)": 1.0, "(0, 0)": 0.0, "(0, 1)": 0.0, "(-1, 0)": 0.0, "(0, -1)": 0.0}, "node1": {"(1, 0)": 0.0, "(0, 0)": 0.0, "(0, 1)": 1.0, "(-1, 0)": 0.0, "(0, -1)": 0.0}, "node4": {"(1, 0)": 1.0, "(0, 0)": 0.0, "(0, 1)": 2.69982e-13, "(-1, 0)": 0.0, "(0, -1)": 0.0}, "node2": {"(1, 0)": 0.0, "(0, 0)": 0.0, "(0, 1)": 1.0, "(-1, 0)": 0.0, "(0, -1)": 0.0}, "node6": {"(1, 0)": 1.0, "(0, 0)": 0.0, "(0, 1)": 1.249e-16, "(-1, 0)": 0.0, "(0, -1)": 0.0}, "node5": {"(1, 0)": 1.0, "(0, 0)": 0.0, "(0, 1)": 0.0, "(-1, 0)": 0.0, "(0, -1)": 0.0}}, "n": 6}