{"eta": {"node3": {"(1, 0)": {"false": {"node3": 1.0, "node1": 0.0, "node4": 0.0, "node2": 0.0, "node6": 0.0, "node5": 0.0}, "true": {"node3": 0.0, "node1": 0.0, "node4": 0.0, "node2": 0.0, "node6": 0.0, "node5": 1.0}}, "(0, 0)": {"false": {"node3": 0.0, "node1": 0.0, "node4": 0.0, "node2": 0.0, "node6": 1.0, "node5": 0.0}, "true": {"node3": 0.0, "node1": 1.0, "node4": 0.0, "node2": 0.0, "node6": 0.0, "node5": 0.0}}, "(0, 1)": {"false": {"node3": 0.0, "node1": 0.0, "node4": 0.0, "node2": 0.0, "node6": 1.0, "node5": 0.0}, "true": {"node3": 0.0, "node1": 0.0, "node4": 0.0, "node2": 0.0, "node6": 0.0, "node5": 1.0}}, "(-1, 0)": {"false": {"node3": 0.0, "node1": 0.64141, "node4": 0.0, "node2": 0.0, "node6": 0.35859, "node5": 0.0}, "true": {"node3": 0.47165, "node1": 0.43956, "node4": 0.0, "node2": 0.08879, "node6": 0.0, "node5": 0.0}}, "(0, -1)": {"false": {"node3": 0.76615, "node1": 0.0, "node4": 0.11116, "node2": 0.0, "node6": 0.12269, "node5": 0.0}, "true": {"node3": 0.00074, "node1": 0.0, "node4": 0.00411, "node2": 0.97187, "node6": 0.0, "node5": 0.02329}}}, "node1": {"(1, 0)": {"false": {"node3": 0.02455, "node1": 0.0, "node4": 0.0, "node2": 0.82705, "node6": 0.0, "node5": 0.1484}, "true": {"node3": 0.0, "node1": 0.85809, "node4": 0.02005, "node2": 0.041, "node6": 0.05129, "node5": 0.02957}}, "(0, 0)": {"false": {"node3": 0.0, "node1": 1.0, "node4": 0.0, "node2": 0.0, "node6": 0.0, "node5": 0.0}, "true": {"node3": 0.0, "node1": 1.0, "node4": 0.0, "node2": 0.0, "node6": 0.0, "node5": 0.0}}, "(0, 1)": {"false": {"node3": 0.0, "node1": 0.05675, "node4": 0.0, "node2": 0.93384, "node6": 0.0, "node5": 0.00941}, "true": {"node3": 0.20687, "node1": 0.68521, "node4": 0.00045, "node2": 0.00028, "node6": 0.10712, "node5": 7e-05}}, "(-1, 0)": {"false": {"node3": 0.0, "node1": 0.0, "node4": 1.0, "node2": 0.0, "node6": 0.0, "node5": 0.0}, "true": {"node3": 1.0, "node1": 0.0, "node4": 0.0, "node2": 0.0, "node6": 0.0, "node5": 0.0}}, "(0, -1)": {"false": {"node3": 0.0, "node1": 0.0, "node4": 0.0, "node2": 1.0, "node6": 0.0, "node5": 0.0}, "true": {"node3": 0.0, "node1": 0.0, "node4": 0.0, "node2": 0.0, "node6": 0.0, "node5": 1.0}}}, "node4": {"(1, 0)": {"false": {"node3": 0.90034, "node1": 0.0, "node4": 0.0, "node2": 0.0, "node6": 0.0, "node5": 0.09966}, "true": {"node3": 0.86579, "node1": 0.1342, "node4": 0.0, "node2": 0.0, "node6": 0.0, "node5": 0.0}}, "(0, 0)": {"false": {"node3": 0.6619, "node1": 0.00425, "node4": 0.0, "node2": 0.18186, "node6": 0.0, "node5": 0.15199}, "true": {"node3": 0.0, "node1": 1.0, "node4": 0.0, "node2": 0.0, "node6": 0.0, "node5": 0.0}}, "(0, 1)": {"false": {"node3": 0.0, "node1": 0.0, "node4": 1.0, "node2": 0.0, "node6": 0.0, "node5": 0.0}, "true": {"node3": 0.0, "node1": 0.0, "node4": 0.0, "node2": 0.0, "node6": 1.0, "node5": 0.0}}, "(-1, 0)": {"false": {"node3": 0.0, "node1": 1.0, "node4": 0.0, "node2": 0.0, "node6": 0.0, "node5": 0.0}, "true": {"node3": 0.08315, "node1": 0.56195, "node4": 0.0, "node2": 0.0, "node6": 0.1524, "node5": 0.2025}}, "(0, -1)": {"false": {"node3": 0.89475, "node1": 0.0, "node4": 0.0, "node2": 0.0, "node6": 0.0, "node5": 0.10525}, "true": {"node3": 0.12073, "node1": 0.00014, "node4": 0.0, "node2": 0.73737, "node6": 0.04877, "node5": 0.09298}}}, "node2": {"(1, 0)": {"false": {"node3": 0.83841, "node1": 0.0, "node4": 0.0, "node2": 0.15381, "node6": 0.0, "node5": 0.00778}, "true": {"node3": 0.0, "node1": 0.00389, "node4": 0.0, "node2": 0.99611, "node6": 0.0, "node5": 0.0}}, "(0, 0)": {"false": {"node3": 0.0, "node1": 0.0, "node4": 0.0, "node2": 0.0, "node6": 1.0, "node5": 0.0}, "true": {"node3": 0.0, "node1": 1.0, "node4": 0.0, "node2": 0.0, "node6": 0.0, "node5": 0.0}}, "(0, 1)": {"false": {"node3": 0.0, "node1": 0.0, "node4": 0.0, "node2": 1.0, "node6": 0.0, "node5": 0.0}, "true": {"node3": 1.0, "node1": 0.0, "node4": 0.0, "node2": 0.0, "node6": 0.0, "node5": 0.0}}, "(-1, 0)": {"false": {"node3": 0.99161, "node1": 0.0, "node4": 0.0, "node2": 0.0, "node6": 0.0, "node5": 0.00839}, "true": {"node3": 6e-05, "node1": 0.00083, "node4": 0.0, "node2": 0.99758, "node6": 0.00015, "node5": 0.00138}}, "(0, -1)": {"false": {"node3": 0.27276, "node1": 0.00036, "node4": 0.47463, "node2": 0.10759, "node6": 0.0, "node5": 0.14466}, "true": {"node3": 0.00321, "node1": 0.00168, "node4": 0.0, "node2": 0.99399, "node6": 0.0, "node5": 0.00113}}}, "node6": {"(1, 0)": {"false": {"node3": 0.0, "node1": 0.0, "node4": 0.0, "node2": 1.0, "node6": 0.0, "node5": 0.0}, "true": {"node3": 0.0, "node1": 0.0, "node4": 0.37016, "node2": 0.60595, "node6": 0.02389, "node5": 0.0}}, "(0, 0)": {"false": {"node3": 0.03407, "node1": 0.001, "node4": 0.13828, "node2": 0.7176, "node6": 0.00044, "node5": 0.10861}, "true": {"node3": 0.0, "node1": 1.0, "node4": 0.0, "node2": 0.0, "node6": 0.0, "node5": 0.0}}, "(0, 1)": {"false": {"node3": 0.0, "node1": 0.0, "node4": 0.0, "node2": 0.0, "node6": 0.0, "node5": 1.0}, "true": {"node3": 0.0, "node1": 0.05382, "node4": 0.06946, "node2": 0.00544, "node6": 0.7921, "node5": 0.07918}}, "(-1, 0)": {"false": {"node3": 0.05981, "node1": 0.0, "node4": 0.0, "node2": 0.71111, "node6": 0.0, "node5": 0.22908}, "true": {"node3": 0.22063, "node1": 0.0, "node4": 0.08733, "node2": 0.2906, "node6": 0.0, "node5": 0.40144}}, "(0, -1)": {"false": {"node3": 0.18614, "node1": 0.0, "node4": 0.0, "node2": 0.0, "node6": 0.0, "node5": 0.81386}, "true": {"node3": 0.0, "node1": 0.9937, "node4": 0.0, "node2": 0.00629, "node6": 0.0, "node5": 0.0}}}, "node5": {"(1, 0)": {"false": {"node3": 0.75168, "node1": 0.0, "node4": 0.0, "node2": 0.0, "node6": 0.0, "node5": 0.24832}, "true": {"node3": 0.0, "node1": 0.47809, "node4": 0.0, "node2": 0.30851, "node6": 0.0, "node5": 0.2134}}, "(0, 0)": {"false": {"node3": 0.0, "node1": 0.0, "node4": 0.42894, "node2": 0.0, "node6": 0.0, "node5": 0.57106}, "true": {"node3": 0.0, "node1": 1.0, "node4": 0.0, "node2": 0.0, "node6": 0.0, "node5": 0.0}}, "(0, 1)": {"false": {"node3": 0.0, "node1": 0.0, "node4": 1.0, "node2": 0.0, "node6": 0.0, "node5": 0.0}, "true": {"node3": 0.0, "node1": 0.0, "node4": 0.0, "node2": 1.0, "node6": 0.0, "node5": 0.0}}, "(-1, 0)": {"false": {"node3": 0.0, "node1": 0.02625, "node4": 0.0, "node2": 0.0, "node6": 0.0, "node5": 0.97374}, "true": {"node3": 0.0, "node1": 0.00045, "node4": 0.0, "node2": 0.0, "node6": 0.0, "node5": 0.99955}}, "(0, -1)": {"false": {"node3": 0.0, "node1": 0.0, "node4": 0.0, "node2": 0.0, "node6": 0.0, "node5": 1.0}, "true": {"node3": 0.0, "node1": 0.0, "node4": 0.0, "node2": 0.64939, "node6": 0.0, "node5": 0.35061}}}}, "agent": "Alice", "Q": ["node1", "node2", "node3", "node4", "node5", "node6"], "psi": {"node3": {"(1, 0)": 0.00126, "(0, 0)": 0.03496, "(0, 1)": 0.00287, "(-1, 0)": 0.05763, "(0, -1)": 0.90327}, "node1": {"(1, 0)": 0.0, "(0, 0)": 1.0, "(0, 1)": 0.0, "(-1, 0)": 0.0, "(0, -1)": 0.0}, "node4": {"(1, 0)": 0.2122, "(0, 0)": 0.3226, "(0, 1)": 0.0, "(-1, 0)": 0.46398, "(0, -1)": 0.00123}, "node2": {"(1, 0)": 0.00059, "(0, 0)": 0.0, "(0, 1)": 0.0, "(-1, 0)": 0.07842, "(0, -1)": 0.92099}, "node6": {"(1, 0)": 0.0, "(0, 0)": 0.27793, "(0, 1)": 0.71187, "(-1, 0)": 0.00649, "(0, -1)": 0.0037}, "node5": {"(1, 0)": 0.01407, "(0, 0)": 0.0, "(0, 1)": 0.0, "(-1, 0)": 0.92694, "(0, -1)": 0.05899}}, "n": 6}