{"eta": {"node3": {"(1, 0)": {"false": {"node3": 0.05323, "node1": 0.04812, "node4": 0.07739, "node2": 0.27261, "node6": 0.54866, "node5": 0.0}, "true": {"node3": 0.0, "node1": 0.32847, "node4": 0.11231, "node2": 0.00407, "node6": 0.04898, "node5": 0.50617}}, "(0, 0)": {"false": {"node3": 0.00047, "node1": 0.00648, "node4": 0.56539, "node2": 0.0, "node6": 0.36016, "node5": 0.0675}, "true": {"node3": 0.0, "node1": 1.0, "node4": 0.0, "node2": 0.0, "node6": 0.0, "node5": 0.0}}, "(0, 1)": {"false": {"node3": 1.0, "node1": 0.0, "node4": 0.0, "node2": 0.0, "node6": 0.0, "node5": 0.0}, "true": {"node3": 0.0, "node1": 0.2014, "node4": 0.08019, "node2": 0.0, "node6": 0.11948, "node5": 0.59893}}, "(-1, 0)": {"false": {"node3": 0.0, "node1": 1.0, "node4": 0.0, "node2": 0.0, "node6": 0.0, "node5": 0.0}, "true": {"node3": 0.76934, "node1": 0.23066, "node4": 0.0, "node2": 0.0, "node6": 0.0, "node5": 0.0}}, "(0, -1)": {"false": {"node3": 0.09167, "node1": 0.0, "node4": 0.59855, "node2": 0.28383, "node6": 0.02595, "node5": 0.0}, "true": {"node3": 0.15641, "node1": 0.55681, "node4": 0.00037, "node2": 0.09789, "node6": 0.18396, "node5": 0.00457}}}, "node1": {"(1, 0)": {"false": {"node3": 0.0, "node1": 0.0, "node4": 0.0, "node2": 0.0, "node6": 1.0, "node5": 0.0}, "true": {"node3": 0.0, "node1": 0.0, "node4": 0.0, "node2": 0.0, "node6": 0.0, "node5": 1.0}}, "(0, 0)": {"false": {"node3": 1.0, "node1": 0.0, "node4": 0.0, "node2": 0.0, "node6": 0.0, "node5": 0.0}, "true": {"node3": 0.0, "node1": 1.0, "node4": 0.0, "node2": 0.0, "node6": 0.0, "node5": 0.0}}, "(0, 1)": {"false": {"node3": 0.11059, "node1": 0.87828, "node4": 0.0, "node2": 0.0, "node6": 0.0, "node5": 0.01113}, "true": {"node3": 0.17715, "node1": 0.0, "node4": 0.70884, "node2": 0.01609, "node6": 0.09792, "node5": 0.0}}, "(-1, 0)": {"false": {"node3": 0.0, "node1": 0.0, "node4": 0.81175, "node2": 0.18825, "node6": 0.0, "node5": 0.0}, "true": {"node3": 0.0, "node1": 0.0, "node4": 0.48206, "node2": 0.51794, "node6": 0.0, "node5": 0.0}}, "(0, -1)": {"false": {"node3": 0.00298, "node1": 0.00105, "node4": 0.54228, "node2": 0.07033, "node6": 0.38336, "node5": 0.0}, "true": {"node3": 0.02941, "node1": 0.97038, "node4": 4e-05, "node2": 4e-05, "node6": 9e-05, "node5": 4e-05}}}, "node4": {"(1, 0)": {"false": {"node3": 0.0, "node1": 0.0, "node4": 0.0, "node2": 1.0, "node6": 0.0, "node5": 0.0}, "true": {"node3": 0.41873, "node1": 0.0, "node4": 0.06381, "node2": 0.20944, "node6": 0.0, "node5": 0.30801}}, "(0, 0)": {"false": {"node3": 0.0, "node1": 0.0, "node4": 0.0, "node2": 1.0, "node6": 0.0, "node5": 0.0}, "true": {"node3": 0.0, "node1": 1.0, "node4": 0.0, "node2": 0.0, "node6": 0.0, "node5": 0.0}}, "(0, 1)": {"false": {"node3": 1.0, "node1": 0.0, "node4": 0.0, "node2": 0.0, "node6": 0.0, "node5": 0.0}, "true": {"node3": 0.5533, "node1": 0.34225, "node4": 0.0, "node2": 0.0, "node6": 0.0, "node5": 0.10445}}, "(-1, 0)": {"false": {"node3": 1.0, "node1": 0.0, "node4": 0.0, "node2": 0.0, "node6": 0.0, "node5": 0.0}, "true": {"node3": 0.0, "node1": 0.0, "node4": 0.60861, "node2": 0.39139, "node6": 0.0, "node5": 0.0}}, "(0, -1)": {"false": {"node3": 0.0, "node1": 0.0, "node4": 1.0, "node2": 0.0, "node6": 0.0, "node5": 0.0}, "true": {"node3": 1.0, "node1": 0.0, "node4": 0.0, "node2": 0.0, "node6": 0.0, "node5": 0.0}}}, "node2": {"(1, 0)": {"false": {"node3": 0.04592, "node1": 0.27545, "node4": 0.41883, "node2": 0.0, "node6": 0.25981, "node5": 0.0}, "true": {"node3": 0.0, "node1": 0.26843, "node4": 0.49744, "node2": 0.0, "node6": 0.034, "node5": 0.20013}}, "(0, 0)": {"false": {"node3": 0.0, "node1": 0.0, "node4": 1.0, "node2": 0.0, "node6": 0.0, "node5": 0.0}, "true": {"node3": 0.0, "node1": 1.0, "node4": 0.0, "node2": 0.0, "node6": 0.0, "node5": 0.0}}, "(0, 1)": {"false": {"node3": 0.0, "node1": 0.68917, "node4": 0.29585, "node2": 0.0, "node6": 0.01498, "node5": 0.0}, "true": {"node3": 0.35424, "node1": 0.0, "node4": 0.64027, "node2": 0.0, "node6": 0.00549, "node5": 0.0}}, "(-1, 0)": {"false": {"node3": 0.0, "node1": 0.0, "node4": 1.0, "node2": 0.0, "node6": 0.0, "node5": 0.0}, "true": {"node3": 0.0, "node1": 0.0, "node4": 0.7952, "node2": 0.0804, "node6": 0.1244, "node5": 0.0}}, "(0, -1)": {"false": {"node3": 0.0, "node1": 0.0, "node4": 1.0, "node2": 0.0, "node6": 0.0, "node5": 0.0}, "true": {"node3": 1.0, "node1": 0.0, "node4": 0.0, "node2": 0.0, "node6": 0.0, "node5": 0.0}}}, "node6": {"(1, 0)": {"false": {"node3": 0.0, "node1": 0.0, "node4": 0.379, "node2": 0.0, "node6": 0.621, "node5": 0.0}, "true": {"node3": 0.0, "node1": 0.14913, "node4": 0.29728, "node2": 0.20931, "node6": 0.0, "node5": 0.34428}}, "(0, 0)": {"false": {"node3": 0.0, "node1": 0.0, "node4": 1.0, "node2": 0.0, "node6": 0.0, "node5": 0.0}, "true": {"node3": 0.0, "node1": 1.0, "node4": 0.0, "node2": 0.0, "node6": 0.0, "node5": 0.0}}, "(0, 1)": {"false": {"node3": 0.32465, "node1": 0.0, "node4": 0.67535, "node2": 0.0, "node6": 0.0, "node5": 0.0}, "true": {"node3": 0.0245, "node1": 0.0, "node4": 0.39831, "node2": 0.0, "node6": 0.3405, "node5": 0.2367}}, "(-1, 0)": {"false": {"node3": 0.0, "node1": 0.60932, "node4": 0.18391, "node2": 0.0, "node6": 0.20677, "node5": 0.0}, "true": {"node3": 0.0, "node1": 0.0, "node4": 0.29532, "node2": 0.0, "node6": 0.0, "node5": 0.70468}}, "(0, -1)": {"false": {"node3": 0.0, "node1": 0.0, "node4": 1.0, "node2": 0.0, "node6": 0.0, "node5": 0.0}, "true": {"node3": 0.29556, "node1": 0.70444, "node4": 0.0, "node2": 0.0, "node6": 0.0, "node5": 0.0}}}, "node5": {"(1, 0)": {"false": {"node3": 0.0, "node1": 0.0, "node4": 0.53933, "node2": 0.3379, "node6": 0.12277, "node5": 0.0}, "true": {"node3": 0.04768, "node1": 0.58818, "node4": 0.36413, "node2": 0.0, "node6": 0.0, "node5": 0.0}}, "(0, 0)": {"false": {"node3": 0.15652, "node1": 0.05683, "node4": 0.57726, "node2": 0.09565, "node6": 0.08215, "node5": 0.0316}, "true": {"node3": 0.0, "node1": 1.0, "node4": 0.0, "node2": 0.0, "node6": 0.0, "node5": 0.0}}, "(0, 1)": {"false": {"node3": 0.01384, "node1": 0.0, "node4": 0.0, "node2": 0.98616, "node6": 0.0, "node5": 0.0}, "true": {"node3": 0.34168, "node1": 0.0, "node4": 0.4089, "node2": 0.24942, "node6": 0.0, "node5": 0.0}}, "(-1, 0)": {"false": {"node3": 0.0, "node1": 0.0, "node4": 0.30857, "node2": 0.69143, "node6": 0.0, "node5": 0.0}, "true": {"node3": 0.03553, "node1": 0.27672, "node4": 0.48732, "node2": 0.07155, "node6": 0.0, "node5": 0.12888}}, "(0, -1)": {"false": {"node3": 0.0, "node1": 0.0, "node4": 0.57897, "node2": 0.42103, "node6": 0.0, "node5": 0.0}, "true": {"node3": 0.26658, "node1": 0.48503, "node4": 0.0, "node2": 0.0, "node6": 0.0, "node5": 0.24839}}}}, "agent": "Alice", "Q": ["node1", "node2", "node3", "node4", "node5", "node6"], "psi": {"node3": {"(1, 0)": 0.0, "(0, 0)": 0.0, "(0, 1)": 0.0, "(-1, 0)": 1.0, "(0, -1)": 0.0}, "node1": {"(1, 0)": 0.0, "(0, 0)": 0.0, "(0, 1)": 0.0, "(-1, 0)": 1.0, "(0, -1)": 0.0}, "node4": {"(1, 0)": 0.0, "(0, 0)": 0.0, "(0, 1)": 0.0, "(-1, 0)": 0.0, "(0, -1)": 1.0}, "node2": {"(1, 0)": 0.0, "(0, 0)": 0.0, "(0, 1)": 0.0, "(-1, 0)": 0.0, "(0, -1)": 1.0}, "node6": {"(1, 0)": 0.19082, "(0, 0)": 0.0, "(0, 1)": 0.0, "(-1, 0)": 0.04823, "(0, -1)": 0.76095}, "node5": {"(1, 0)": 0.04409, "(0, 0)": 0.0, "(0, 1)": 0.0, "(-1, 0)": 0.41576, "(0, -1)": 0.54014}}, "n": 6}