{"eta": {"node3": {"(1, 0)": {"false": {"node3": 0.0, "node1": 0.0, "node4": 0.219525, "node2": 0.780475, "node6": 0.0, "node5": 0.0}, "true": {"node3": 0.0, "node1": 0.728027, "node4": 0.0, "node2": 0.271973, "node6": 0.0, "node5": 0.0}}, "(0, 0)": {"false": {"node3": 0.0, "node1": 0.0, "node4": 0.0, "node2": 0.0, "node6": 0.0, "node5": 1.0}, "true": {"node3": 0.0, "node1": 1.0, "node4": 0.0, "node2": 0.0, "node6": 0.0, "node5": 0.0}}, "(0, 1)": {"false": {"node3": 0.0, "node1": 1.0, "node4": 0.0, "node2": 0.0, "node6": 0.0, "node5": 0.0}, "true": {"node3": 0.0, "node1": 0.905752, "node4": 0.0, "node2": 0.094248, "node6": 0.0, "node5": 0.0}}, "(-1, 0)": {"false": {"node3": 0.216838, "node1": 0.0, "node4": 0.0, "node2": 0.358982, "node6": 0.424181, "node5": 0.0}, "true": {"node3": 0.986214, "node1": 0.00229444, "node4": 0.00911886, "node2": 0.0, "node6": 0.00237314, "node5": 0.0}}, "(0, -1)": {"false": {"node3": 0.0, "node1": 0.0, "node4": 0.0, "node2": 0.0, "node6": 0.0, "node5": 1.0}, "true": {"node3": 0.0, "node1": 1.0, "node4": 0.0, "node2": 0.0, "node6": 0.0, "node5": 0.0}}}, "node1": {"(1, 0)": {"false": {"node3": 0.0, "node1": 0.0, "node4": 1.0, "node2": 0.0, "node6": 0.0, "node5": 0.0}, "true": {"node3": 1.0, "node1": 0.0, "node4": 0.0, "node2": 0.0, "node6": 0.0, "node5": 0.0}}, "(0, 0)": {"false": {"node3": 0.0, "node1": 1.0, "node4": 2.75338e-16, "node2": 0.0, "node6": 0.0, "node5": 0.0}, "true": {"node3": 0.0, "node1": 1.0, "node4": 0.0, "node2": 0.0, "node6": 0.0, "node5": 0.0}}, "(0, 1)": {"false": {"node3": 0.0, "node1": 0.0, "node4": 0.0, "node2": 0.0, "node6": 1.0, "node5": 0.0}, "true": {"node3": 1.0, "node1": 0.0, "node4": 0.0, "node2": 0.0, "node6": 0.0, "node5": 0.0}}, "(-1, 0)": {"false": {"node3": 0.0, "node1": 0.0, "node4": 0.0, "node2": 1.0, "node6": 0.0, "node5": 0.0}, "true": {"node3": 0.0, "node1": 1.0, "node4": 0.0, "node2": 3.06808e-16, "node6": 0.0, "node5": 0.0}}, "(0, -1)": {"false": {"node3": 0.0, "node1": 8.47636e-17, "node4": 0.0, "node2": 1.0, "node6": 0.0, "node5": 0.0}, "true": {"node3": 1.0, "node1": 8.47636e-17, "node4": 0.0, "node2": 0.0, "node6": 0.0, "node5": 0.0}}}, "node4": {"(1, 0)": {"false": {"node3": 0.000742749, "node1": 0.0, "node4": 0.0, "node2": 0.0, "node6": 0.0, "node5": 0.999257}, "true": {"node3": 0.0, "node1": 0.386264, "node4": 0.0, "node2": 0.170537, "node6": 0.0, "node5": 0.443199}}, "(0, 0)": {"false": {"node3": 1.0, "node1": 0.0, "node4": 0.0, "node2": 0.0, "node6": 0.0, "node5": 0.0}, "true": {"node3": 0.0, "node1": 1.0, "node4": 0.0, "node2": 0.0, "node6": 0.0, "node5": 0.0}}, "(0, 1)": {"false": {"node3": 0.0, "node1": 0.99927, "node4": 0.0, "node2": 0.0, "node6": 0.000729633, "node5": 0.0}, "true": {"node3": 0.0, "node1": 0.999693, "node4": 0.000253043, "node2": 0.0, "node6": 0.0, "node5": 5.44195e-05}}, "(-1, 0)": {"false": {"node3": 0.0, "node1": 0.113466, "node4": 0.0150247, "node2": 0.517754, "node6": 0.24454, "node5": 0.109216}, "true": {"node3": 0.0, "node1": 0.293275, "node4": 0.0, "node2": 0.706725, "node6": 0.0, "node5": 0.0}}, "(0, -1)": {"false": {"node3": 0.0, "node1": 0.0, "node4": 0.0, "node2": 1.0, "node6": 0.0, "node5": 0.0}, "true": {"node3": 0.0, "node1": 0.118436, "node4": 0.0, "node2": 0.0, "node6": 0.0, "node5": 0.881564}}}, "node2": {"(1, 0)": {"false": {"node3": 0.0, "node1": 0.0, "node4": 1.0, "node2": 0.0, "node6": 0.0, "node5": 0.0}, "true": {"node3": 0.0, "node1": 0.0, "node4": 0.0, "node2": 0.0, "node6": 1.0, "node5": 0.0}}, "(0, 0)": {"false": {"node3": 0.0, "node1": 0.0, "node4": 0.0, "node2": 0.0, "node6": 0.0, "node5": 1.0}, "true": {"node3": 0.0, "node1": 1.0, "node4": 0.0, "node2": 0.0, "node6": 0.0, "node5": 0.0}}, "(0, 1)": {"false": {"node3": 0.791841, "node1": 0.0, "node4": 0.0, "node2": 0.208159, "node6": 0.0, "node5": 0.0}, "true": {"node3": 0.0, "node1": 0.0069762, "node4": 0.0243921, "node2": 0.0513332, "node6": 0.870681, "node5": 0.0466173}}, "(-1, 0)": {"false": {"node3": 0.0, "node1": 0.00544291, "node4": 2.40237e-05, "node2": 0.994533, "node6": 0.0, "node5": 0.0}, "true": {"node3": 0.000164563, "node1": 0.977658, "node4": 1.23442e-06, "node2": 0.0003818, "node6": 0.0216521, "node5": 0.000142614}}, "(0, -1)": {"false": {"node3": 0.0, "node1": 0.0, "node4": 0.010657, "node2": 0.608338, "node6": 0.381005, "node5": 0.0}, "true": {"node3": 0.0150742, "node1": 0.833977, "node4": 0.0220548, "node2": 0.000880478, "node6": 0.127463, "node5": 0.000551015}}}, "node6": {"(1, 0)": {"false": {"node3": 0.818523, "node1": 0.0, "node4": 0.0, "node2": 0.0, "node6": 0.181477, "node5": 0.0}, "true": {"node3": 0.0, "node1": 1.0, "node4": 0.0, "node2": 0.0, "node6": 0.0, "node5": 0.0}}, "(0, 0)": {"false": {"node3": 0.0, "node1": 0.0, "node4": 0.0, "node2": 0.0, "node6": 0.0, "node5": 1.0}, "true": {"node3": 0.0, "node1": 1.0, "node4": 0.0, "node2": 0.0, "node6": 0.0, "node5": 0.0}}, "(0, 1)": {"false": {"node3": 0.0118504, "node1": 0.0, "node4": 0.0, "node2": 0.974739, "node6": 0.0, "node5": 0.013411}, "true": {"node3": 0.0, "node1": 0.0, "node4": 3.06808e-16, "node2": 1.0, "node6": 0.0, "node5": 0.0}}, "(-1, 0)": {"false": {"node3": 0.0404187, "node1": 0.0, "node4": 0.0, "node2": 0.959581, "node6": 0.0, "node5": 0.0}, "true": {"node3": 0.0428649, "node1": 0.0462042, "node4": 0.0, "node2": 0.00549544, "node6": 0.867514, "node5": 0.037921}}, "(0, -1)": {"false": {"node3": 0.0, "node1": 0.042307, "node4": 0.0, "node2": 0.891523, "node6": 0.0661703, "node5": 0.0}, "true": {"node3": 0.0, "node1": 0.0, "node4": 0.000166537, "node2": 0.999833, "node6": 0.0, "node5": 0.0}}}, "node5": {"(1, 0)": {"false": {"node3": 0.0, "node1": 0.0, "node4": 0.0, "node2": 1.0, "node6": 0.0, "node5": 0.0}, "true": {"node3": 1.0, "node1": 0.0, "node4": 0.0, "node2": 0.0, "node6": 0.0, "node5": 0.0}}, "(0, 0)": {"false": {"node3": 0.0, "node1": 1.0, "node4": 0.0, "node2": 0.0, "node6": 0.0, "node5": 0.0}, "true": {"node3": 0.0, "node1": 1.0, "node4": 0.0, "node2": 0.0, "node6": 0.0, "node5": 0.0}}, "(0, 1)": {"false": {"node3": 0.321151, "node1": 0.0, "node4": 0.0, "node2": 0.532685, "node6": 0.0, "node5": 0.146163}, "true": {"node3": 0.0510653, "node1": 0.407779, "node4": 0.142589, "node2": 0.0, "node6": 0.175066, "node5": 0.223501}}, "(-1, 0)": {"false": {"node3": 0.0194641, "node1": 0.980536, "node4": 0.0, "node2": 0.0, "node6": 0.0, "node5": 0.0}, "true": {"node3": 0.992156, "node1": 0.0, "node4": 2.62635e-05, "node2": 0.0, "node6": 0.00725674, "node5": 0.00056104}}, "(0, -1)": {"false": {"node3": 0.0, "node1": 0.0, "node4": 0.0, "node2": 0.0, "node6": 1.0, "node5": 0.0}, "true": {"node3": 0.0, "node1": 0.0, "node4": 0.0, "node2": 0.0, "node6": 1.0, "node5": 0.0}}}}, "agent": "Bob", "Q": ["node1", "node2", "node3", "node4", "node5", "node6"], "psi": {"node3": {"(1, 0)": 0.0105492, "(0, 0)": 0.0, "(0, 1)": 0.0204223, "(-1, 0)": 0.969028, "(0, -1)": 0.0}, "node1": {"(1, 0)": 0.0, "(0, 0)": 1.0, "(0, 1)": 0.0, "(-1, 0)": 4.6902e-14, "(0, -1)": 0.0}, "node4": {"(1, 0)": 0.0, "(0, 0)": 5.42068e-05, "(0, 1)": 0.999946, "(-1, 0)": 0.0, "(0, -1)": 0.0}, "node2": {"(1, 0)": 5.2563e-07, "(0, 0)": 0.0, "(0, 1)": 0.0150819, "(-1, 0)": 0.436243, "(0, -1)": 0.548675}, "node6": {"(1, 0)": 0.036203, "(0, 0)": 3.88593e-05, "(0, 1)": 0.368505, "(-1, 0)": 0.53206, "(0, -1)": 0.0631924}, "node5": {"(1, 0)": 0.00331657, "(0, 0)": 0.0, "(0, 1)": 0.000918685, "(-1, 0)": 0.995501, "(0, -1)": 0.000264017}}, "n": 6}