{"agent": "Alice", "n": 2, "eta": {"node1": {"(-1, 0)": {"false": {"node1": 0.20181, "node2": 0.79819}, "true": {"node1": 1.0, "node2": 0.0}}, "(0, -1)": {"false": {"node1": 1.0, "node2": 0.0}, "true": {"node1": 0.0, "node2": 1.0}}, "(0, 0)": {"false": {"node1": 1.0, "node2": 0.0}, "true": {"node1": 1.0, "node2": 0.0}}, "(1, 0)": {"false": {"node1": 1.0, "node2": 0.0}, "true": {"node1": 0.0, "node2": 1.0}}, "(0, 1)": {"false": {"node1": 0.46314, "node2": 0.53686}, "true": {"node1": 0.93071, "node2": 0.06929}}}, "node2": {"(-1, 0)": {"false": {"node1": 0.0128, "node2": 0.9872}, "true": {"node1": 0.70356, "node2": 0.29644}}, "(0, -1)": {"false": {"node1": 0.87028, "node2": 0.12972}, "true": {"node1": 0.0, "node2": 1.0}}, "(0, 0)": {"false": {"node1": 0.0, "node2": 1.0}, "true": {"node1": 1.0, "node2": 0.0}}, "(1, 0)": {"false": {"node1": 0.14156, "node2": 0.85844}, "true": {"node1": 0.61885, "node2": 0.38115}}, "(0, 1)": {"false": {"node1": 0.20809, "node2": 0.79191}, "true": {"node1": 0.00391, "node2": 0.99609}}}}, "psi": {"node1": {"(-1, 0)": 0.0, "(0, -1)": 0.0, "(0, 0)": 1.0, "(1, 0)": 0.0, "(0, 1)": 0.0}, "node2": {"(-1, 0)": 0.80606, "(0, -1)": 5e-05, "(0, 0)": 0.06575, "(1, 0)": 0.00063, "(0, 1)": 0.12751}}, "Q": ["node1", "node2"]}