{"agent": "Bob", "n": 2, "eta": {"node1": {"(-1, 0)": {"false": {"node1": 0.999533, "node2": 0.000467161}, "true": {"node1": 0.999913, "node2": 8.68987e-05}}, "(0, -1)": {"false": {"node1": 0.947009, "node2": 0.0529909}, "true": {"node1": 0.075008, "node2": 0.924992}}, "(0, 0)": {"false": {"node1": 0.509805, "node2": 0.490195}, "true": {"node1": 1.0, "node2": 0.0}}, "(1, 0)": {"false": {"node1": 0.510407, "node2": 0.489593}, "true": {"node1": 0.0547292, "node2": 0.945271}}, "(0, 1)": {"false": {"node1": 1.0, "node2": 5.82867e-16}, "true": {"node1": 2.22045e-16, "node2": 1.0}}}, "node2": {"(-1, 0)": {"false": {"node1": 1.0, "node2": 0.0}, "true": {"node1": 1.0, "node2": 0.0}}, "(0, -1)": {"false": {"node1": 0.0, "node2": 1.0}, "true": {"node1": 0.109097, "node2": 0.890903}}, "(0, 0)": {"false": {"node1": 0.0832916, "node2": 0.916708}, "true": {"node1": 1.0, "node2": 0.0}}, "(1, 0)": {"false": {"node1": 1.0, "node2": 0.0}, "true": {"node1": 0.0642006, "node2": 0.935799}}, "(0, 1)": {"false": {"node1": 0.829726, "node2": 0.170274}, "true": {"node1": 0.000439699, "node2": 0.99956}}}}, "psi": {"node1": {"(-1, 0)": 1.66533e-16, "(0, -1)": 0.0, "(0, 0)": 0.0, "(1, 0)": 0.0, "(0, 1)": 1.0}, "node2": {"(-1, 0)": 0.250802, "(0, -1)": 0.0, "(0, 0)": 0.0, "(1, 0)": 0.749198, "(0, 1)": 0.0}}, "Q": ["node1", "node2"]}