{"agent": "Bob", "n": 2, "eta": {"node1": {"(-1, 0)": {"false": {"node1": 0.955069, "node2": 0.0449307}, "true": {"node1": 0.99043, "node2": 0.00956967}}, "(0, -1)": {"false": {"node1": 0.903863, "node2": 0.0961373}, "true": {"node1": 0.990963, "node2": 0.00903716}}, "(0, 0)": {"false": {"node1": 0.715407, "node2": 0.284593}, "true": {"node1": 1.0, "node2": 0.0}}, "(1, 0)": {"false": {"node1": 0.630418, "node2": 0.369582}, "true": {"node1": 0.954172, "node2": 0.0458276}}, "(0, 1)": {"false": {"node1": 1.0, "node2": 1.38778e-17}, "true": {"node1": 2.77556e-17, "node2": 1.0}}}, "node2": {"(-1, 0)": {"false": {"node1": 1.0, "node2": 0.0}, "true": {"node1": 1.0, "node2": 0.0}}, "(0, -1)": {"false": {"node1": 0.0, "node2": 1.0}, "true": {"node1": 1.0, "node2": 0.0}}, "(0, 0)": {"false": {"node1": 0.0270843, "node2": 0.972916}, "true": {"node1": 1.0, "node2": 0.0}}, "(1, 0)": {"false": {"node1": 1.0, "node2": 0.0}, "true": {"node1": 0.267958, "node2": 0.732042}}, "(0, 1)": {"false": {"node1": 0.104188, "node2": 0.895812}, "true": {"node1": 0.737092, "node2": 0.262908}}}}, "psi": {"node1": {"(-1, 0)": 0.0, "(0, -1)": 0.0, "(0, 0)": 0.0, "(1, 0)": 0.0, "(0, 1)": 1.0}, "node2": {"(-1, 0)": 3.1225e-17, "(0, -1)": 0.0, "(0, 0)": 0.0, "(1, 0)": 1.0, "(0, 1)": 0.0}}, "Q": ["node1", "node2"]}