{"agent": "Bob", "n": 2, "eta": {"node1": {"(-1, 0)": {"false": {"node1": 0.633389, "node2": 0.366611}, "true": {"node1": 0.0, "node2": 1.0}}, "(0, -1)": {"false": {"node1": 0.205731, "node2": 0.794269}, "true": {"node1": 0.846223, "node2": 0.153777}}, "(0, 0)": {"false": {"node1": 0.99997, "node2": 3.00756e-05}, "true": {"node1": 1.0, "node2": 0.0}}, "(1, 0)": {"false": {"node1": 0.999811, "node2": 0.00018897}, "true": {"node1": 0.0737453, "node2": 0.926255}}, "(0, 1)": {"false": {"node1": 0.97301, "node2": 0.0269901}, "true": {"node1": 0.721898, "node2": 0.278102}}}, "node2": {"(-1, 0)": {"false": {"node1": 0.847763, "node2": 0.152237}, "true": {"node1": 0.523597, "node2": 0.476403}}, "(0, -1)": {"false": {"node1": 0.851296, "node2": 0.148704}, "true": {"node1": 0.290786, "node2": 0.709214}}, "(0, 0)": {"false": {"node1": 0.911003, "node2": 0.0889969}, "true": {"node1": 1.0, "node2": 0.0}}, "(1, 0)": {"false": {"node1": 0.0783378, "node2": 0.921662}, "true": {"node1": 0.0126993, "node2": 0.987301}}, "(0, 1)": {"false": {"node1": 0.876271, "node2": 0.123729}, "true": {"node1": 0.963816, "node2": 0.0361841}}}}, "psi": {"node1": {"(-1, 0)": 0.0, "(0, -1)": 0.0, "(0, 0)": 1.0, "(1, 0)": 0.0, "(0, 1)": 0.0}, "node2": {"(-1, 0)": 0.0, "(0, -1)": 0.0, "(0, 0)": 1.0, "(1, 0)": 0.0, "(0, 1)": 0.0}}, "Q": ["node1", "node2"]}