{"agent": "Bob", "n": 4, "eta": {"node2": {"(-1, 0)": {"false": {"node2": 0.0, "node1": 0.0, "node3": 0.0, "node4": 1.0}, "true": {"node2": 0.604443, "node1": 0.00226196, "node3": 0.376065, "node4": 0.0172299}}, "(0, -1)": {"false": {"node2": 0.0, "node1": 0.0, "node3": 1.0, "node4": 0.0}, "true": {"node2": 0.690114, "node1": 0.309886, "node3": 0.0, "node4": 0.0}}, "(0, 0)": {"false": {"node2": 1.0, "node1": 0.0, "node3": 0.0, "node4": 0.0}, "true": {"node2": 0.0, "node1": 1.0, "node3": 0.0, "node4": 0.0}}, "(1, 0)": {"false": {"node2": 0.0, "node1": 0.0, "node3": 0.0, "node4": 1.0}, "true": {"node2": 0.0, "node1": 1.0, "node3": 0.0, "node4": 0.0}}, "(0, 1)": {"false": {"node2": 0.875372, "node1": 0.0, "node3": 0.124628, "node4": 0.0}, "true": {"node2": 1.0, "node1": 0.0, "node3": 1.51355e-16, "node4": 0.0}}}, "node1": {"(-1, 0)": {"false": {"node2": 0.0, "node1": 1.0, "node3": 0.0, "node4": 2.22045e-16}, "true": {"node2": 0.0, "node1": 0.0, "node3": 1.0, "node4": 0.0}}, "(0, -1)": {"false": {"node2": 1.0, "node1": 0.0, "node3": 0.0, "node4": 0.0}, "true": {"node2": 1.0, "node1": 0.0, "node3": 0.0, "node4": 0.0}}, "(0, 0)": {"false": {"node2": 0.0, "node1": 1.0, "node3": 1.13484e-13, "node4": 0.0}, "true": {"node2": 0.0, "node1": 1.0, "node3": 0.0, "node4": 0.0}}, "(1, 0)": {"false": {"node2": 0.0, "node1": 0.0, "node3": 0.0, "node4": 1.0}, "true": {"node2": 1.0, "node1": 0.0, "node3": 0.0, "node4": 0.0}}, "(0, 1)": {"false": {"node2": 0.957747, "node1": 0.0, "node3": 0.0422532, "node4": 0.0}, "true": {"node2": 0.604528, "node1": 0.395472, "node3": 0.0, "node4": 0.0}}}, "node3": {"(-1, 0)": {"false": {"node2": 0.592647, "node1": 0.0, "node3": 0.0, "node4": 0.407353}, "true": {"node2": 0.92684, "node1": 0.0, "node3": 0.0731598, "node4": 0.0}}, "(0, -1)": {"false": {"node2": 0.12851, "node1": 0.822085, "node3": 0.049405, "node4": 0.0}, "true": {"node2": 0.40615, "node1": 0.136585, "node3": 0.184667, "node4": 0.272597}}, "(0, 0)": {"false": {"node2": 0.0402316, "node1": 0.000350848, "node3": 0.959333, "node4": 8.45224e-05}, "true": {"node2": 0.0, "node1": 1.0, "node3": 0.0, "node4": 0.0}}, "(1, 0)": {"false": {"node2": 0.380339, "node1": 0.014056, "node3": 0.597389, "node4": 0.00821588}, "true": {"node2": 0.520636, "node1": 0.0341136, "node3": 0.445251, "node4": 0.0}}, "(0, 1)": {"false": {"node2": 0.707755, "node1": 0.244106, "node3": 0.0481387, "node4": 0.0}, "true": {"node2": 0.0, "node1": 0.00760595, "node3": 0.956097, "node4": 0.0362968}}}, "node4": {"(-1, 0)": {"false": {"node2": 0.0, "node1": 0.00775136, "node3": 0.0, "node4": 0.992249}, "true": {"node2": 0.0660658, "node1": 0.00184172, "node3": 0.164218, "node4": 0.767875}}, "(0, -1)": {"false": {"node2": 0.0, "node1": 0.0, "node3": 1.0, "node4": 0.0}, "true": {"node2": 0.0330072, "node1": 0.965803, "node3": 0.00118942, "node4": 0.0}}, "(0, 0)": {"false": {"node2": 0.0111261, "node1": 0.0, "node3": 0.923633, "node4": 0.0652405}, "true": {"node2": 0.0, "node1": 1.0, "node3": 0.0, "node4": 0.0}}, "(1, 0)": {"false": {"node2": 0.0, "node1": 1.0, "node3": 0.0, "node4": 3.06808e-16}, "true": {"node2": 0.934727, "node1": 0.0, "node3": 0.065273, "node4": 0.0}}, "(0, 1)": {"false": {"node2": 0.600136, "node1": 0.0, "node3": 0.218966, "node4": 0.180898}, "true": {"node2": 0.457761, "node1": 0.395952, "node3": 0.0, "node4": 0.146287}}}}, "psi": {"node2": {"(-1, 0)": 0.856422, "(0, -1)": 0.0272892, "(0, 0)": 0.0904317, "(1, 0)": 0.00466572, "(0, 1)": 0.0211919}, "node1": {"(-1, 0)": 8.47636e-17, "(0, -1)": 0.0, "(0, 0)": 1.0, "(1, 0)": 0.0, "(0, 1)": 0.0}, "node3": {"(-1, 0)": 0.0, "(0, -1)": 5.24132e-05, "(0, 0)": 0.999839, "(1, 0)": 9.13317e-06, "(0, 1)": 9.98301e-05}, "node4": {"(-1, 0)": 0.952914, "(0, -1)": 0.000286337, "(0, 0)": 0.0, "(1, 0)": 0.0, "(0, 1)": 0.0468001}}, "Q": ["node1", "node2", "node3", "node4"]}