{"agent": "Bob", "n": 4, "eta": {"node1": {"(-1, 0)": {"false": {"node1": 1.0, "node2": 0.0, "node3": 0.0, "node4": 0.0}, "true": {"node1": 0.0, "node2": 1.0, "node3": 0.0, "node4": 0.0}}, "(0, -1)": {"false": {"node1": 0.0, "node2": 0.0, "node3": 0.0, "node4": 1.0}, "true": {"node1": 0.0, "node2": 0.0235179, "node3": 0.011087, "node4": 0.965395}}, "(0, 0)": {"false": {"node1": 0.999998, "node2": 2.02434e-06, "node3": 0.0, "node4": 0.0}, "true": {"node1": 1.0, "node2": 0.0, "node3": 0.0, "node4": 0.0}}, "(1, 0)": {"false": {"node1": 0.310777, "node2": 0.0, "node3": 0.321223, "node4": 0.368001}, "true": {"node1": 0.00249312, "node2": 0.0613708, "node3": 0.367203, "node4": 0.568933}}, "(0, 1)": {"false": {"node1": 0.0, "node2": 0.0079882, "node3": 0.00346083, "node4": 0.988551}, "true": {"node1": 0.959903, "node2": 0.00326906, "node3": 0.0365037, "node4": 0.000323815}}}, "node2": {"(-1, 0)": {"false": {"node1": 0.0, "node2": 0.508989, "node3": 0.0, "node4": 0.491011}, "true": {"node1": 1.90184e-05, "node2": 0.0, "node3": 0.999981, "node4": 0.0}}, "(0, -1)": {"false": {"node1": 0.201509, "node2": 0.0228989, "node3": 0.775592, "node4": 0.0}, "true": {"node1": 0.0296652, "node2": 0.0356302, "node3": 0.0, "node4": 0.934705}}, "(0, 0)": {"false": {"node1": 0.0, "node2": 0.936861, "node3": 0.0114933, "node4": 0.0516457}, "true": {"node1": 1.0, "node2": 0.0, "node3": 0.0, "node4": 0.0}}, "(1, 0)": {"false": {"node1": 0.0, "node2": 0.0, "node3": 1.0, "node4": 0.0}, "true": {"node1": 0.486854, "node2": 0.0, "node3": 0.513146, "node4": 0.0}}, "(0, 1)": {"false": {"node1": 0.0, "node2": 0.0, "node3": 8.47636e-17, "node4": 1.0}, "true": {"node1": 0.0, "node2": 0.00276542, "node3": 0.997235, "node4": 0.0}}}, "node3": {"(-1, 0)": {"false": {"node1": 0.82301, "node2": 0.17699, "node3": 0.0, "node4": 0.0}, "true": {"node1": 0.0, "node2": 0.853, "node3": 0.0, "node4": 0.147}}, "(0, -1)": {"false": {"node1": 0.0, "node2": 0.0214551, "node3": 0.971923, "node4": 0.00662189}, "true": {"node1": 0.978794, "node2": 0.00382448, "node3": 0.010763, "node4": 0.00661858}}, "(0, 0)": {"false": {"node1": 0.0, "node2": 0.0, "node3": 0.0, "node4": 1.0}, "true": {"node1": 1.0, "node2": 0.0, "node3": 0.0, "node4": 0.0}}, "(1, 0)": {"false": {"node1": 0.0, "node2": 0.00208395, "node3": 0.996996, "node4": 0.000919998}, "true": {"node1": 7.80806e-09, "node2": 0.0, "node3": 1.0, "node4": 0.0}}, "(0, 1)": {"false": {"node1": 0.0, "node2": 0.0, "node3": 0.989253, "node4": 0.0107468}, "true": {"node1": 0.0, "node2": 0.0, "node3": 1.0, "node4": 0.0}}}, "node4": {"(-1, 0)": {"false": {"node1": 0.0, "node2": 0.0, "node3": 0.0, "node4": 1.0}, "true": {"node1": 0.0, "node2": 0.0, "node3": 0.0, "node4": 1.0}}, "(0, -1)": {"false": {"node1": 0.326226, "node2": 0.0136052, "node3": 0.42803, "node4": 0.232138}, "true": {"node1": 1.0, "node2": 0.0, "node3": 0.0, "node4": 0.0}}, "(0, 0)": {"false": {"node1": 0.0914319, "node2": 0.0, "node3": 0.0, "node4": 0.908568}, "true": {"node1": 1.0, "node2": 0.0, "node3": 0.0, "node4": 0.0}}, "(1, 0)": {"false": {"node1": 0.00717461, "node2": 0.0361353, "node3": 0.95669, "node4": 0.0}, "true": {"node1": 0.286289, "node2": 0.00396833, "node3": 0.66457, "node4": 0.0451723}}, "(0, 1)": {"false": {"node1": 0.728582, "node2": 0.149502, "node3": 0.121916, "node4": 0.0}, "true": {"node1": 0.0, "node2": 0.0, "node3": 0.809429, "node4": 0.190571}}}}, "psi": {"node1": {"(-1, 0)": 0.0, "(0, -1)": 0.0, "(0, 0)": 1.0, "(1, 0)": 0.0, "(0, 1)": 0.0}, "node2": {"(-1, 0)": 0.0176252, "(0, -1)": 0.150336, "(0, 0)": 0.154083, "(1, 0)": 0.0, "(0, 1)": 0.677956}, "node3": {"(-1, 0)": 0.0, "(0, -1)": 0.0629418, "(0, 0)": 0.0, "(1, 0)": 0.93479, "(0, 1)": 0.00226797}, "node4": {"(-1, 0)": 1.17018e-06, "(0, -1)": 0.002858, "(0, 0)": 0.0, "(1, 0)": 0.994995, "(0, 1)": 0.00214628}}, "Q": ["node1", "node2", "node3", "node4"]}