{"agent": "Alice", "n": 4, "eta": {"node1": {"(-1, 0)": {"false": {"node1": 0.0, "node2": 0.0, "node3": 0.0, "node4": 1.0}, "true": {"node1": 0.0, "node2": 0.0, "node3": 0.02784, "node4": 0.97216}}, "(0, -1)": {"false": {"node1": 1.0, "node2": 0.0, "node3": 0.0, "node4": 0.0}, "true": {"node1": 0.0, "node2": 1.0, "node3": 0.0, "node4": 0.0}}, "(0, 0)": {"false": {"node1": 0.80236, "node2": 0.0, "node3": 0.0, "node4": 0.19764}, "true": {"node1": 1.0, "node2": 0.0, "node3": 0.0, "node4": 0.0}}, "(1, 0)": {"false": {"node1": 0.12409, "node2": 0.39559, "node3": 0.0, "node4": 0.48032}, "true": {"node1": 0.16265, "node2": 0.6344, "node3": 0.01838, "node4": 0.18457}}, "(0, 1)": {"false": {"node1": 0.0, "node2": 1.0, "node3": 0.0, "node4": 0.0}, "true": {"node1": 0.59871, "node2": 0.0, "node3": 0.0, "node4": 0.40129}}}, "node2": {"(-1, 0)": {"false": {"node1": 0.9668, "node2": 0.0, "node3": 0.0332, "node4": 0.0}, "true": {"node1": 0.0, "node2": 0.33327, "node3": 0.0, "node4": 0.66673}}, "(0, -1)": {"false": {"node1": 0.0, "node2": 0.0, "node3": 0.0, "node4": 1.0}, "true": {"node1": 0.0, "node2": 1.0, "node3": 0.0, "node4": 0.0}}, "(0, 0)": {"false": {"node1": 0.0, "node2": 0.38465, "node3": 0.61535, "node4": 0.0}, "true": {"node1": 1.0, "node2": 0.0, "node3": 0.0, "node4": 0.0}}, "(1, 0)": {"false": {"node1": 0.78041, "node2": 0.0, "node3": 0.0, "node4": 0.21959}, "true": {"node1": 0.76479, "node2": 0.0, "node3": 0.23521, "node4": 0.0}}, "(0, 1)": {"false": {"node1": 0.0, "node2": 1.0, "node3": 0.0, "node4": 0.0}, "true": {"node1": 1.0, "node2": 0.0, "node3": 0.0, "node4": 0.0}}}, "node3": {"(-1, 0)": {"false": {"node1": 0.27536, "node2": 0.07355, "node3": 0.18817, "node4": 0.46292}, "true": {"node1": 0.0, "node2": 0.36131, "node3": 0.5976, "node4": 0.04109}}, "(0, -1)": {"false": {"node1": 1.0, "node2": 0.0, "node3": 0.0, "node4": 0.0}, "true": {"node1": 0.0, "node2": 0.13882, "node3": 0.86118, "node4": 0.0}}, "(0, 0)": {"false": {"node1": 0.08921, "node2": 0.0, "node3": 0.9108, "node4": 0.0}, "true": {"node1": 1.0, "node2": 0.0, "node3": 0.0, "node4": 0.0}}, "(1, 0)": {"false": {"node1": 0.9327, "node2": 0.0, "node3": 0.0, "node4": 0.0673}, "true": {"node1": 0.4942, "node2": 0.0, "node3": 0.5058, "node4": 0.0}}, "(0, 1)": {"false": {"node1": 0.0, "node2": 0.0, "node3": 1.0, "node4": 0.0}, "true": {"node1": 0.0, "node2": 0.0, "node3": 0.0, "node4": 1.0}}}, "node4": {"(-1, 0)": {"false": {"node1": 0.90251, "node2": 0.0, "node3": 0.09749, "node4": 0.0}, "true": {"node1": 0.66661, "node2": 0.0, "node3": 0.0, "node4": 0.33339}}, "(0, -1)": {"false": {"node1": 1.0, "node2": 0.0, "node3": 0.0, "node4": 0.0}, "true": {"node1": 0.0, "node2": 0.99932, "node3": 0.00068, "node4": 0.0}}, "(0, 0)": {"false": {"node1": 0.0, "node2": 0.0, "node3": 0.0, "node4": 1.0}, "true": {"node1": 1.0, "node2": 0.0, "node3": 0.0, "node4": 0.0}}, "(1, 0)": {"false": {"node1": 0.0, "node2": 0.0, "node3": 0.0, "node4": 1.0}, "true": {"node1": 0.0, "node2": 0.91169, "node3": 0.08831, "node4": 0.0}}, "(0, 1)": {"false": {"node1": 0.0, "node2": 1.0, "node3": 0.0, "node4": 0.0}, "true": {"node1": 1.0, "node2": 0.0, "node3": 0.0, "node4": 0.0}}}}, "psi": {"node1": {"(-1, 0)": 0.0, "(0, -1)": 1.0, "(0, 0)": 0.0, "(1, 0)": 0.0, "(0, 1)": 0.0}, "node2": {"(-1, 0)": 1.0, "(0, -1)": 0.0, "(0, 0)": 0.0, "(1, 0)": 0.0, "(0, 1)": 0.0}, "node3": {"(-1, 0)": 0.0, "(0, -1)": 0.30089, "(0, 0)": 0.6562, "(1, 0)": 0.04291, "(0, 1)": 0.0}, "node4": {"(-1, 0)": 1.0, "(0, -1)": 0.0, "(0, 0)": 0.0, "(1, 0)": 0.0, "(0, 1)": 0.0}}, "Q": ["node1", "node2", "node3", "node4"]}