{"agent": "Alice", "n": 4, "eta": {"node1": {"(-1, 0)": {"false": {"node1": 1.0, "node2": 0.0, "node3": 0.0, "node4": 0.0}, "true": {"node1": 0.097094, "node2": 0.832716, "node3": 0.0, "node4": 0.0701899}}, "(0, -1)": {"false": {"node1": 1.0, "node2": 0.0, "node3": 0.0, "node4": 0.0}, "true": {"node1": 0.0, "node2": 0.0, "node3": 0.383062, "node4": 0.616938}}, "(0, 0)": {"false": {"node1": 0.440083, "node2": 0.40979, "node3": 0.0, "node4": 0.150127}, "true": {"node1": 1.0, "node2": 0.0, "node3": 0.0, "node4": 0.0}}, "(1, 0)": {"false": {"node1": 0.909408, "node2": 0.0, "node3": 0.0, "node4": 0.0905918}, "true": {"node1": 0.935596, "node2": 0.0, "node3": 0.000662025, "node4": 0.0637418}}, "(0, 1)": {"false": {"node1": 1.0, "node2": 0.0, "node3": 0.0, "node4": 0.0}, "true": {"node1": 0.981259, "node2": 0.0, "node3": 0.0187408, "node4": 0.0}}}, "node2": {"(-1, 0)": {"false": {"node1": 0.882189, "node2": 0.0, "node3": 0.0582568, "node4": 0.0595543}, "true": {"node1": 0.0138049, "node2": 0.0483195, "node3": 0.590563, "node4": 0.347313}}, "(0, -1)": {"false": {"node1": 1.0, "node2": 0.0, "node3": 0.0, "node4": 3.06808e-16}, "true": {"node1": 0.0, "node2": 0.0, "node3": 1.0, "node4": 0.0}}, "(0, 0)": {"false": {"node1": 0.0, "node2": 1.0, "node3": 8.47636e-17, "node4": 0.0}, "true": {"node1": 1.0, "node2": 0.0, "node3": 0.0, "node4": 0.0}}, "(1, 0)": {"false": {"node1": 0.895058, "node2": 0.0937739, "node3": 0.0111677, "node4": 0.0}, "true": {"node1": 0.0288578, "node2": 0.968662, "node3": 0.00245308, "node4": 2.68236e-05}}, "(0, 1)": {"false": {"node1": 1.0, "node2": 0.0, "node3": 0.0, "node4": 0.0}, "true": {"node1": 1.0, "node2": 0.0, "node3": 0.0, "node4": 0.0}}}, "node3": {"(-1, 0)": {"false": {"node1": 0.196806, "node2": 0.0, "node3": 0.0, "node4": 0.803194}, "true": {"node1": 0.0539202, "node2": 0.165899, "node3": 0.740377, "node4": 0.0398037}}, "(0, -1)": {"false": {"node1": 0.666765, "node2": 0.333235, "node3": 0.0, "node4": 0.0}, "true": {"node1": 0.000107791, "node2": 0.139992, "node3": 0.85086, "node4": 0.00903998}}, "(0, 0)": {"false": {"node1": 0.00740363, "node2": 0.180229, "node3": 0.812102, "node4": 0.000265477}, "true": {"node1": 1.0, "node2": 0.0, "node3": 0.0, "node4": 0.0}}, "(1, 0)": {"false": {"node1": 1.0, "node2": 0.0, "node3": 0.0, "node4": 0.0}, "true": {"node1": 0.0, "node2": 1.0, "node3": 2.48065e-16, "node4": 0.0}}, "(0, 1)": {"false": {"node1": 1.0, "node2": 0.0, "node3": 0.0, "node4": 0.0}, "true": {"node1": 0.940145, "node2": 0.0, "node3": 0.0, "node4": 0.0598554}}}, "node4": {"(-1, 0)": {"false": {"node1": 1.0, "node2": 0.0, "node3": 0.0, "node4": 3.06808e-16}, "true": {"node1": 0.310882, "node2": 0.0, "node3": 0.0, "node4": 0.689118}}, "(0, -1)": {"false": {"node1": 0.0, "node2": 1.0, "node3": 0.0, "node4": 0.0}, "true": {"node1": 0.756457, "node2": 0.0, "node3": 0.119581, "node4": 0.123962}}, "(0, 0)": {"false": {"node1": 0.00680757, "node2": 0.0499786, "node3": 0.0732963, "node4": 0.869917}, "true": {"node1": 1.0, "node2": 0.0, "node3": 0.0, "node4": 0.0}}, "(1, 0)": {"false": {"node1": 0.972145, "node2": 0.0, "node3": 0.00496141, "node4": 0.0228933}, "true": {"node1": 0.0, "node2": 0.879736, "node3": 0.104524, "node4": 0.01574}}, "(0, 1)": {"false": {"node1": 0.0, "node2": 0.0, "node3": 0.183889, "node4": 0.816111}, "true": {"node1": 0.0, "node2": 0.0, "node3": 2.28983e-16, "node4": 1.0}}}}, "psi": {"node1": {"(-1, 0)": 0.0, "(0, -1)": 1.0, "(0, 0)": 0.0, "(1, 0)": 0.0, "(0, 1)": 0.0}, "node2": {"(-1, 0)": 0.0, "(0, -1)": 0.0, "(0, 0)": 1.0, "(1, 0)": 0.0, "(0, 1)": 0.0}, "node3": {"(-1, 0)": 0.0, "(0, -1)": 0.0, "(0, 0)": 0.0, "(1, 0)": 1.0, "(0, 1)": 0.0}, "node4": {"(-1, 0)": 1.0, "(0, -1)": 0.0, "(0, 0)": 0.0, "(1, 0)": 0.0, "(0, 1)": 0.0}}, "Q": ["node1", "node2", "node3", "node4"]}