{"agent": "Alice", "n": 6, "eta": {"node2": {"(-1, 0)": {"false": {"node2": 0.999761, "node1": 0.0, "node3": 0.0, "node6": 0.0, "node4": 0.000239481, "node5": 0.0}, "true": {"node2": 0.999323, "node1": 0.000288469, "node3": 0.0, "node6": 0.0, "node4": 0.000388165, "node5": 0.0}}, "(0, -1)": {"false": {"node2": 0.0, "node1": 0.0, "node3": 0.0, "node6": 0.0, "node4": 1.0, "node5": 0.0}, "true": {"node2": 0.0, "node1": 0.0, "node3": 0.0, "node6": 1.0, "node4": 0.0, "node5": 0.0}}, "(0, 0)": {"false": {"node2": 0.0, "node1": 0.0, "node3": 1.0, "node6": 0.0, "node4": 0.0, "node5": 0.0}, "true": {"node2": 0.0, "node1": 1.0, "node3": 0.0, "node6": 0.0, "node4": 0.0, "node5": 0.0}}, "(1, 0)": {"false": {"node2": 0.0, "node1": 0.0, "node3": 2.22045e-16, "node6": 0.0, "node4": 0.0, "node5": 1.0}, "true": {"node2": 0.0, "node1": 0.0, "node3": 0.0254611, "node6": 0.0, "node4": 0.0, "node5": 0.974539}}, "(0, 1)": {"false": {"node2": 3.06808e-16, "node1": 0.0, "node3": 1.0, "node6": 0.0, "node4": 0.0, "node5": 0.0}, "true": {"node2": 0.996052, "node1": 0.0, "node3": 0.0, "node6": 0.00326756, "node4": 0.00068041, "node5": 0.0}}}, "node1": {"(-1, 0)": {"false": {"node2": 0.545539, "node1": 0.454461, "node3": 0.0, "node6": 0.0, "node4": 0.0, "node5": 0.0}, "true": {"node2": 0.0, "node1": 0.0825004, "node3": 0.0, "node6": 0.0, "node4": 0.9175, "node5": 0.0}}, "(0, -1)": {"false": {"node2": 0.0, "node1": 0.0, "node3": 0.0, "node6": 1.0, "node4": 0.0, "node5": 0.0}, "true": {"node2": 0.0, "node1": 0.00483023, "node3": 0.99337, "node6": 0.0, "node4": 0.00179974, "node5": 0.0}}, "(0, 0)": {"false": {"node2": 0.0, "node1": 1.0, "node3": 0.0, "node6": 0.0, "node4": 0.0, "node5": 0.0}, "true": {"node2": 0.0, "node1": 1.0, "node3": 0.0, "node6": 0.0, "node4": 0.0, "node5": 0.0}}, "(1, 0)": {"false": {"node2": 0.0225366, "node1": 0.284563, "node3": 0.6929, "node6": 0.0, "node4": 0.0, "node5": 0.0}, "true": {"node2": 0.663169, "node1": 0.290375, "node3": 0.0145122, "node6": 0.0187353, "node4": 0.00719717, "node5": 0.00601077}}, "(0, 1)": {"false": {"node2": 0.0, "node1": 1.0, "node3": 0.0, "node6": 0.0, "node4": 0.0, "node5": 0.0}, "true": {"node2": 0.903702, "node1": 0.0, "node3": 0.0295228, "node6": 0.0, "node4": 0.066749, "node5": 2.64916e-05}}}, "node3": {"(-1, 0)": {"false": {"node2": 0.0, "node1": 0.0726709, "node3": 0.196406, "node6": 0.0, "node4": 0.0, "node5": 0.730923}, "true": {"node2": 0.0, "node1": 0.0, "node3": 0.0, "node6": 1.0, "node4": 1.29247e-26, "node5": 0.0}}, "(0, -1)": {"false": {"node2": 0.0, "node1": 1.0, "node3": 0.0, "node6": 0.0, "node4": 0.0, "node5": 0.0}, "true": {"node2": 1.0, "node1": 0.0, "node3": 0.0, "node6": 0.0, "node4": 0.0, "node5": 0.0}}, "(0, 0)": {"false": {"node2": 0.0, "node1": 1.0, "node3": 0.0, "node6": 0.0, "node4": 0.0, "node5": 0.0}, "true": {"node2": 0.0, "node1": 1.0, "node3": 0.0, "node6": 0.0, "node4": 0.0, "node5": 0.0}}, "(1, 0)": {"false": {"node2": 0.0, "node1": 0.0, "node3": 0.0, "node6": 0.0, "node4": 1.0, "node5": 0.0}, "true": {"node2": 0.0, "node1": 0.0, "node3": 0.0, "node6": 1.0, "node4": 0.0, "node5": 0.0}}, "(0, 1)": {"false": {"node2": 8.47636e-17, "node1": 0.0, "node3": 1.0, "node6": 0.0, "node4": 0.0, "node5": 0.0}, "true": {"node2": 0.954915, "node1": 0.00540759, "node3": 0.0, "node6": 0.039677, "node4": 0.0, "node5": 0.0}}}, "node6": {"(-1, 0)": {"false": {"node2": 0.991417, "node1": 0.0, "node3": 0.0, "node6": 0.0, "node4": 0.00858281, "node5": 0.0}, "true": {"node2": 0.78356, "node1": 0.0773791, "node3": 0.0, "node6": 0.122, "node4": 0.0170608, "node5": 0.0}}, "(0, -1)": {"false": {"node2": 0.733415, "node1": 0.0275368, "node3": 0.0, "node6": 0.0, "node4": 0.0662759, "node5": 0.172773}, "true": {"node2": 0.0, "node1": 0.0, "node3": 0.967541, "node6": 0.0324594, "node4": 0.0, "node5": 0.0}}, "(0, 0)": {"false": {"node2": 0.308142, "node1": 0.31234, "node3": 0.305544, "node6": 0.0739731, "node4": 0.0, "node5": 0.0}, "true": {"node2": 0.0, "node1": 1.0, "node3": 0.0, "node6": 0.0, "node4": 0.0, "node5": 0.0}}, "(1, 0)": {"false": {"node2": 0.0, "node1": 0.0, "node3": 0.0, "node6": 0.0, "node4": 1.0, "node5": 0.0}, "true": {"node2": 0.921327, "node1": 0.0786726, "node3": 0.0, "node6": 0.0, "node4": 0.0, "node5": 0.0}}, "(0, 1)": {"false": {"node2": 0.0, "node1": 0.848328, "node3": 0.150157, "node6": 0.0, "node4": 0.0, "node5": 0.00151448}, "true": {"node2": 0.626184, "node1": 0.0942177, "node3": 0.0, "node6": 0.2399, "node4": 0.0396981, "node5": 0.0}}}, "node4": {"(-1, 0)": {"false": {"node2": 0.0, "node1": 0.0, "node3": 1.0, "node6": 0.0, "node4": 0.0, "node5": 0.0}, "true": {"node2": 0.0, "node1": 0.0, "node3": 0.21461, "node6": 0.0, "node4": 0.0, "node5": 0.78539}}, "(0, -1)": {"false": {"node2": 0.0, "node1": 0.415456, "node3": 0.0, "node6": 0.147797, "node4": 0.436747, "node5": 0.0}, "true": {"node2": 0.0, "node1": 0.0934134, "node3": 0.0, "node6": 0.426073, "node4": 0.480514, "node5": 0.0}}, "(0, 0)": {"false": {"node2": 0.000198759, "node1": 0.819418, "node3": 0.0, "node6": 0.0, "node4": 0.180383, "node5": 0.0}, "true": {"node2": 0.0, "node1": 1.0, "node3": 0.0, "node6": 0.0, "node4": 0.0, "node5": 0.0}}, "(1, 0)": {"false": {"node2": 0.0, "node1": 0.730135, "node3": 0.0, "node6": 0.0, "node4": 0.269865, "node5": 0.0}, "true": {"node2": 0.0, "node1": 0.414817, "node3": 0.0, "node6": 0.0, "node4": 0.585183, "node5": 0.0}}, "(0, 1)": {"false": {"node2": 0.0, "node1": 0.0, "node3": 0.030693, "node6": 0.0, "node4": 0.969307, "node5": 0.0}, "true": {"node2": 0.311378, "node1": 0.440013, "node3": 0.137286, "node6": 0.0838869, "node4": 0.0274367, "node5": 0.0}}}, "node5": {"(-1, 0)": {"false": {"node2": 0.387305, "node1": 0.282158, "node3": 0.0, "node6": 0.330537, "node4": 0.0, "node5": 0.0}, "true": {"node2": 0.0091552, "node1": 0.191599, "node3": 0.664823, "node6": 0.134422, "node4": 0.0, "node5": 0.0}}, "(0, -1)": {"false": {"node2": 0.0, "node1": 1.0, "node3": 0.0, "node6": 0.0, "node4": 0.0, "node5": 0.0}, "true": {"node2": 0.0, "node1": 0.947055, "node3": 0.0, "node6": 0.0, "node4": 0.0, "node5": 0.0529447}}, "(0, 0)": {"false": {"node2": 0.0, "node1": 0.0, "node3": 0.0859916, "node6": 0.730651, "node4": 0.183358, "node5": 0.0}, "true": {"node2": 0.0, "node1": 1.0, "node3": 0.0, "node6": 0.0, "node4": 0.0, "node5": 0.0}}, "(1, 0)": {"false": {"node2": 0.19723, "node1": 0.0, "node3": 0.685084, "node6": 0.117686, "node4": 0.0, "node5": 0.0}, "true": {"node2": 0.359551, "node1": 0.168095, "node3": 0.0, "node6": 0.0, "node4": 0.304026, "node5": 0.168328}}, "(0, 1)": {"false": {"node2": 0.0, "node1": 0.0635039, "node3": 0.0, "node6": 0.0, "node4": 0.936496, "node5": 0.0}, "true": {"node2": 0.247832, "node1": 0.752168, "node3": 0.0, "node6": 0.0, "node4": 0.0, "node5": 0.0}}}}, "psi": {"node2": {"(-1, 0)": 0.399163, "(0, -1)": 0.0, "(0, 0)": 0.0, "(1, 0)": 0.0, "(0, 1)": 0.600837}, "node1": {"(-1, 0)": 0.0, "(0, -1)": 0.0, "(0, 0)": 1.0, "(1, 0)": 0.0, "(0, 1)": 0.0}, "node3": {"(-1, 0)": 0.010329, "(0, -1)": 0.0, "(0, 0)": 0.000133683, "(1, 0)": 0.00169198, "(0, 1)": 0.987845}, "node6": {"(-1, 0)": 0.977752, "(0, -1)": 0.0219124, "(0, 0)": 0.000335462, "(1, 0)": 0.0, "(0, 1)": 0.0}, "node4": {"(-1, 0)": 0.0, "(0, -1)": 0.0788199, "(0, 0)": 0.820417, "(1, 0)": 0.100763, "(0, 1)": 0.0}, "node5": {"(-1, 0)": 0.20246, "(0, -1)": 0.00216993, "(0, 0)": 0.775859, "(1, 0)": 0.00884004, "(0, 1)": 0.0106715}}, "Q": ["node1", "node2", "node3", "node4", "node5", "node6"]}