{"agent": "Alice", "n": 6, "eta": {"node2": {"(-1, 0)": {"false": {"node2": 0.0, "node1": 3.06808e-16, "node3": 0.0, "node6": 0.0, "node4": 0.0, "node5": 1.0}, "true": {"node2": 0.0, "node1": 0.0, "node3": 0.0, "node6": 1.0, "node4": 0.0, "node5": 8.32667e-17}}, "(0, -1)": {"false": {"node2": 0.0, "node1": 0.0, "node3": 0.835451, "node6": 0.0401447, "node4": 0.0, "node5": 0.124404}, "true": {"node2": 0.0, "node1": 0.0, "node3": 0.0, "node6": 0.0, "node4": 0.00465009, "node5": 0.99535}}, "(0, 0)": {"false": {"node2": 0.0209572, "node1": 0.070818, "node3": 0.0152067, "node6": 0.810145, "node4": 0.0, "node5": 0.0828732}, "true": {"node2": 0.0, "node1": 1.0, "node3": 0.0, "node6": 0.0, "node4": 0.0, "node5": 0.0}}, "(1, 0)": {"false": {"node2": 0.0, "node1": 0.0, "node3": 0.0, "node6": 0.0, "node4": 1.0, "node5": 0.0}, "true": {"node2": 0.0, "node1": 3.46945e-16, "node3": 0.0, "node6": 0.0, "node4": 0.0, "node5": 1.0}}, "(0, 1)": {"false": {"node2": 0.0, "node1": 0.0, "node3": 0.0, "node6": 0.0, "node4": 1.0, "node5": 0.0}, "true": {"node2": 1.0, "node1": 0.0, "node3": 0.0, "node6": 0.0, "node4": 0.0, "node5": 0.0}}}, "node1": {"(-1, 0)": {"false": {"node2": 0.0, "node1": 0.0, "node3": 0.0, "node6": 0.0, "node4": 1.66533e-16, "node5": 1.0}, "true": {"node2": 8.47636e-17, "node1": 0.0, "node3": 0.0, "node6": 1.0, "node4": 0.0, "node5": 0.0}}, "(0, -1)": {"false": {"node2": 0.0, "node1": 0.0, "node3": 1.0, "node6": 0.0, "node4": 0.0, "node5": 0.0}, "true": {"node2": 0.0, "node1": 0.0, "node3": 0.0, "node6": 1.0, "node4": 0.0, "node5": 0.0}}, "(0, 0)": {"false": {"node2": 0.0, "node1": 0.801572, "node3": 0.0, "node6": 0.198428, "node4": 0.0, "node5": 0.0}, "true": {"node2": 0.0, "node1": 1.0, "node3": 0.0, "node6": 0.0, "node4": 0.0, "node5": 0.0}}, "(1, 0)": {"false": {"node2": 0.0, "node1": 2.63678e-16, "node3": 0.0, "node6": 0.0, "node4": 1.0, "node5": 0.0}, "true": {"node2": 0.0, "node1": 1.0, "node3": 0.0, "node6": 0.0, "node4": 2.22045e-16, "node5": 0.0}}, "(0, 1)": {"false": {"node2": 1.0, "node1": 0.0, "node3": 0.0, "node6": 0.0, "node4": 0.0, "node5": 0.0}, "true": {"node2": 0.0, "node1": 0.0, "node3": 0.0, "node6": 0.0, "node4": 0.424809, "node5": 0.575191}}}, "node3": {"(-1, 0)": {"false": {"node2": 0.0, "node1": 0.0, "node3": 0.0, "node6": 0.0, "node4": 0.0, "node5": 1.0}, "true": {"node2": 0.0, "node1": 0.0, "node3": 0.0, "node6": 1.0, "node4": 0.0, "node5": 0.0}}, "(0, -1)": {"false": {"node2": 0.0, "node1": 0.0, "node3": 0.0, "node6": 0.0, "node4": 0.0, "node5": 1.0}, "true": {"node2": 0.0, "node1": 0.0, "node3": 0.0, "node6": 0.0, "node4": 0.0, "node5": 1.0}}, "(0, 0)": {"false": {"node2": 0.0381443, "node1": 0.0, "node3": 0.705691, "node6": 0.118474, "node4": 0.0, "node5": 0.137691}, "true": {"node2": 0.0, "node1": 1.0, "node3": 0.0, "node6": 0.0, "node4": 0.0, "node5": 0.0}}, "(1, 0)": {"false": {"node2": 0.0, "node1": 0.0, "node3": 0.0, "node6": 0.0, "node4": 1.0, "node5": 0.0}, "true": {"node2": 0.0, "node1": 0.0, "node3": 0.0, "node6": 0.0, "node4": 0.0, "node5": 1.0}}, "(0, 1)": {"false": {"node2": 0.0, "node1": 0.0, "node3": 0.0, "node6": 0.0, "node4": 2.91434e-16, "node5": 1.0}, "true": {"node2": 0.0, "node1": 0.0, "node3": 0.345755, "node6": 0.654245, "node4": 0.0, "node5": 0.0}}}, "node6": {"(-1, 0)": {"false": {"node2": 0.0, "node1": 0.0, "node3": 1.0, "node6": 0.0, "node4": 0.0, "node5": 0.0}, "true": {"node2": 0.0, "node1": 0.0, "node3": 0.0, "node6": 1.0, "node4": 0.0, "node5": 0.0}}, "(0, -1)": {"false": {"node2": 0.0, "node1": 0.0, "node3": 1.0, "node6": 3.40353e-15, "node4": 0.0, "node5": 0.0}, "true": {"node2": 0.0, "node1": 0.0, "node3": 0.0, "node6": 0.0, "node4": 0.0, "node5": 1.0}}, "(0, 0)": {"false": {"node2": 0.0495127, "node1": 0.158686, "node3": 0.0, "node6": 0.687783, "node4": 0.0374877, "node5": 0.0665304}, "true": {"node2": 0.0, "node1": 1.0, "node3": 0.0, "node6": 0.0, "node4": 0.0, "node5": 0.0}}, "(1, 0)": {"false": {"node2": 0.0, "node1": 0.0, "node3": 0.0, "node6": 0.0, "node4": 1.0, "node5": 0.0}, "true": {"node2": 0.0, "node1": 0.0, "node3": 0.0, "node6": 0.0, "node4": 0.0, "node5": 1.0}}, "(0, 1)": {"false": {"node2": 0.0, "node1": 0.0, "node3": 0.0, "node6": 0.0, "node4": 0.0, "node5": 1.0}, "true": {"node2": 0.0, "node1": 0.0, "node3": 0.0, "node6": 1.0, "node4": 0.0, "node5": 0.0}}}, "node4": {"(-1, 0)": {"false": {"node2": 0.00641719, "node1": 0.637686, "node3": 0.0891976, "node6": 0.0, "node4": 0.0, "node5": 0.2667}, "true": {"node2": 0.0, "node1": 0.0155499, "node3": 0.0, "node6": 0.200943, "node4": 0.0260987, "node5": 0.757408}}, "(0, -1)": {"false": {"node2": 0.0, "node1": 0.0, "node3": 0.0100165, "node6": 0.00594206, "node4": 0.0570439, "node5": 0.926998}, "true": {"node2": 0.0, "node1": 0.00931883, "node3": 0.00463806, "node6": 0.00327988, "node4": 0.0153055, "node5": 0.967458}}, "(0, 0)": {"false": {"node2": 0.00122078, "node1": 0.0447138, "node3": 0.0599261, "node6": 0.0571038, "node4": 0.128618, "node5": 0.708418}, "true": {"node2": 0.0, "node1": 1.0, "node3": 0.0, "node6": 0.0, "node4": 0.0, "node5": 0.0}}, "(1, 0)": {"false": {"node2": 0.0, "node1": 1.0, "node3": 0.0, "node6": 0.0, "node4": 8.47636e-17, "node5": 0.0}, "true": {"node2": 0.0, "node1": 1.0, "node3": 0.0, "node6": 0.0, "node4": 0.0, "node5": 0.0}}, "(0, 1)": {"false": {"node2": 0.0, "node1": 1.0, "node3": 0.0, "node6": 0.0, "node4": 0.0, "node5": 0.0}, "true": {"node2": 0.0, "node1": 3.06808e-16, "node3": 0.0, "node6": 0.0, "node4": 1.0, "node5": 0.0}}}, "node5": {"(-1, 0)": {"false": {"node2": 0.0, "node1": 0.0, "node3": 1.92489e-13, "node6": 0.0, "node4": 0.0, "node5": 1.0}, "true": {"node2": 0.0, "node1": 0.0, "node3": 0.0, "node6": 0.0, "node4": 0.0, "node5": 1.0}}, "(0, -1)": {"false": {"node2": 0.0, "node1": 0.0, "node3": 0.0, "node6": 0.0, "node4": 0.0, "node5": 1.0}, "true": {"node2": 0.0, "node1": 0.0, "node3": 0.0, "node6": 0.0, "node4": 0.0, "node5": 1.0}}, "(0, 0)": {"false": {"node2": 0.0, "node1": 1.0, "node3": 0.0, "node6": 0.0, "node4": 0.0, "node5": 0.0}, "true": {"node2": 0.0, "node1": 1.0, "node3": 0.0, "node6": 0.0, "node4": 0.0, "node5": 0.0}}, "(1, 0)": {"false": {"node2": 0.0, "node1": 0.0, "node3": 0.0, "node6": 0.151559, "node4": 0.848441, "node5": 0.0}, "true": {"node2": 0.0937942, "node1": 0.0992996, "node3": 0.52918, "node6": 0.0766585, "node4": 0.0, "node5": 0.201068}}, "(0, 1)": {"false": {"node2": 0.0, "node1": 0.368508, "node3": 0.0, "node6": 0.0, "node4": 0.0, "node5": 0.631492}, "true": {"node2": 0.950564, "node1": 0.0, "node3": 0.0, "node6": 0.02377, "node4": 0.0, "node5": 0.025666}}}}, "psi": {"node2": {"(-1, 0)": 0.0, "(0, -1)": 1.0, "(0, 0)": 0.0, "(1, 0)": 0.0, "(0, 1)": 0.0}, "node1": {"(-1, 0)": 0.0, "(0, -1)": 0.0, "(0, 0)": 1.0, "(1, 0)": 0.0, "(0, 1)": 0.0}, "node3": {"(-1, 0)": 1.0, "(0, -1)": 0.0, "(0, 0)": 0.0, "(1, 0)": 0.0, "(0, 1)": 0.0}, "node6": {"(-1, 0)": 0.0, "(0, -1)": 1.0, "(0, 0)": 0.0, "(1, 0)": 0.0, "(0, 1)": 0.0}, "node4": {"(-1, 0)": 0.8473, "(0, -1)": 0.1527, "(0, 0)": 0.0, "(1, 0)": 0.0, "(0, 1)": 0.0}, "node5": {"(-1, 0)": 1.0, "(0, -1)": 0.0, "(0, 0)": 0.0, "(1, 0)": 0.0, "(0, 1)": 0.0}}, "Q": ["node1", "node2", "node3", "node4", "node5", "node6"]}