{"agent": "Alice", "n": 6, "eta": {"node1": {"(-1, 0)": {"false": {"node1": 0.28943, "node2": 0.07281, "node3": 0.23639, "node5": 0.0, "node4": 0.0, "node6": 0.40138}, "true": {"node1": 0.20111, "node2": 0.65157, "node3": 0.12037, "node5": 0.0, "node4": 0.0, "node6": 0.02696}}, "(0, -1)": {"false": {"node1": 1.0, "node2": 0.0, "node3": 0.0, "node5": 0.0, "node4": 0.0, "node6": 0.0}, "true": {"node1": 0.0, "node2": 0.0, "node3": 0.0, "node5": 0.0, "node4": 0.0, "node6": 1.0}}, "(0, 0)": {"false": {"node1": 0.0621, "node2": 0.0, "node3": 0.9065, "node5": 0.0, "node4": 0.0314, "node6": 0.0}, "true": {"node1": 1.0, "node2": 0.0, "node3": 0.0, "node5": 0.0, "node4": 0.0, "node6": 0.0}}, "(1, 0)": {"false": {"node1": 0.50016, "node2": 0.0, "node3": 0.49984, "node5": 0.0, "node4": 0.0, "node6": 0.0}, "true": {"node1": 0.12118, "node2": 0.0124, "node3": 0.75485, "node5": 0.0, "node4": 0.11157, "node6": 0.0}}, "(0, 1)": {"false": {"node1": 0.0, "node2": 0.0, "node3": 0.0, "node5": 0.0, "node4": 0.0, "node6": 1.0}, "true": {"node1": 1.0, "node2": 0.0, "node3": 0.0, "node5": 0.0, "node4": 0.0, "node6": 0.0}}}, "node2": {"(-1, 0)": {"false": {"node1": 0.01283, "node2": 0.0, "node3": 0.22988, "node5": 0.0, "node4": 0.0, "node6": 0.75729}, "true": {"node1": 0.01436, "node2": 0.67097, "node3": 0.18875, "node5": 0.0, "node4": 0.03698, "node6": 0.08894}}, "(0, -1)": {"false": {"node1": 1.0, "node2": 0.0, "node3": 0.0, "node5": 0.0, "node4": 0.0, "node6": 0.0}, "true": {"node1": 0.0, "node2": 0.0, "node3": 0.0, "node5": 0.0, "node4": 0.0, "node6": 1.0}}, "(0, 0)": {"false": {"node1": 0.0, "node2": 0.02948, "node3": 0.97052, "node5": 0.0, "node4": 0.0, "node6": 0.0}, "true": {"node1": 1.0, "node2": 0.0, "node3": 0.0, "node5": 0.0, "node4": 0.0, "node6": 0.0}}, "(1, 0)": {"false": {"node1": 1.0, "node2": 0.0, "node3": 0.0, "node5": 0.0, "node4": 0.0, "node6": 0.0}, "true": {"node1": 1.0, "node2": 0.0, "node3": 0.0, "node5": 0.0, "node4": 0.0, "node6": 0.0}}, "(0, 1)": {"false": {"node1": 0.0, "node2": 0.0, "node3": 0.0, "node5": 0.0, "node4": 0.0, "node6": 1.0}, "true": {"node1": 0.0, "node2": 0.0, "node3": 1.0, "node5": 0.0, "node4": 0.0, "node6": 0.0}}}, "node3": {"(-1, 0)": {"false": {"node1": 0.0, "node2": 1.0, "node3": 0.0, "node5": 0.0, "node4": 0.0, "node6": 0.0}, "true": {"node1": 0.91512, "node2": 2e-05, "node3": 0.08487, "node5": 0.0, "node4": 0.0, "node6": 0.0}}, "(0, -1)": {"false": {"node1": 1.0, "node2": 0.0, "node3": 0.0, "node5": 0.0, "node4": 0.0, "node6": 0.0}, "true": {"node1": 0.0, "node2": 0.0, "node3": 0.0, "node5": 0.0, "node4": 0.0004, "node6": 0.9996}}, "(0, 0)": {"false": {"node1": 0.0, "node2": 0.0, "node3": 0.24642, "node5": 0.0, "node4": 0.0, "node6": 0.75358}, "true": {"node1": 1.0, "node2": 0.0, "node3": 0.0, "node5": 0.0, "node4": 0.0, "node6": 0.0}}, "(1, 0)": {"false": {"node1": 1.0, "node2": 0.0, "node3": 0.0, "node5": 0.0, "node4": 0.0, "node6": 0.0}, "true": {"node1": 1.0, "node2": 0.0, "node3": 0.0, "node5": 0.0, "node4": 0.0, "node6": 0.0}}, "(0, 1)": {"false": {"node1": 0.0047, "node2": 0.0, "node3": 0.9953, "node5": 0.0, "node4": 0.0, "node6": 0.0}, "true": {"node1": 0.0, "node2": 0.0, "node3": 1.0, "node5": 0.0, "node4": 0.0, "node6": 0.0}}}, "node5": {"(-1, 0)": {"false": {"node1": 1.0, "node2": 0.0, "node3": 0.0, "node5": 0.0, "node4": 0.0, "node6": 0.0}, "true": {"node1": 0.0, "node2": 0.0, "node3": 0.91551, "node5": 0.08449, "node4": 0.0, "node6": 0.0}}, "(0, -1)": {"false": {"node1": 0.0, "node2": 0.0, "node3": 1.0, "node5": 0.0, "node4": 0.0, "node6": 0.0}, "true": {"node1": 0.0, "node2": 0.0, "node3": 0.0, "node5": 0.0, "node4": 0.0, "node6": 1.0}}, "(0, 0)": {"false": {"node1": 0.0, "node2": 0.18749, "node3": 0.81251, "node5": 0.0, "node4": 0.0, "node6": 0.0}, "true": {"node1": 1.0, "node2": 0.0, "node3": 0.0, "node5": 0.0, "node4": 0.0, "node6": 0.0}}, "(1, 0)": {"false": {"node1": 1.0, "node2": 0.0, "node3": 0.0, "node5": 0.0, "node4": 0.0, "node6": 0.0}, "true": {"node1": 0.0, "node2": 0.0, "node3": 0.0, "node5": 0.0, "node4": 1.0, "node6": 0.0}}, "(0, 1)": {"false": {"node1": 0.0, "node2": 0.0, "node3": 0.0, "node5": 0.0, "node4": 0.0, "node6": 1.0}, "true": {"node1": 0.0, "node2": 0.0, "node3": 1.0, "node5": 0.0, "node4": 0.0, "node6": 0.0}}}, "node4": {"(-1, 0)": {"false": {"node1": 0.04339, "node2": 0.01974, "node3": 0.31884, "node5": 0.0, "node4": 0.61803, "node6": 0.0}, "true": {"node1": 0.1409, "node2": 0.65346, "node3": 0.03152, "node5": 0.17182, "node4": 0.0, "node6": 0.00229}}, "(0, -1)": {"false": {"node1": 1.0, "node2": 0.0, "node3": 0.0, "node5": 0.0, "node4": 0.0, "node6": 0.0}, "true": {"node1": 0.0, "node2": 0.0, "node3": 0.0, "node5": 0.0, "node4": 1.0, "node6": 0.0}}, "(0, 0)": {"false": {"node1": 0.0, "node2": 0.0, "node3": 0.0, "node5": 0.0, "node4": 1.0, "node6": 0.0}, "true": {"node1": 1.0, "node2": 0.0, "node3": 0.0, "node5": 0.0, "node4": 0.0, "node6": 0.0}}, "(1, 0)": {"false": {"node1": 0.0, "node2": 0.0, "node3": 1.0, "node5": 0.0, "node4": 0.0, "node6": 0.0}, "true": {"node1": 0.0, "node2": 0.0, "node3": 0.0, "node5": 0.0, "node4": 1.0, "node6": 0.0}}, "(0, 1)": {"false": {"node1": 0.0, "node2": 0.0, "node3": 0.0, "node5": 0.0, "node4": 0.0, "node6": 1.0}, "true": {"node1": 0.0, "node2": 0.0, "node3": 1.0, "node5": 0.0, "node4": 0.0, "node6": 0.0}}}, "node6": {"(-1, 0)": {"false": {"node1": 1.0, "node2": 0.0, "node3": 0.0, "node5": 0.0, "node4": 0.0, "node6": 0.0}, "true": {"node1": 0.0, "node2": 0.0, "node3": 0.0, "node5": 1.0, "node4": 0.0, "node6": 0.0}}, "(0, -1)": {"false": {"node1": 0.0, "node2": 0.0, "node3": 1.0, "node5": 0.0, "node4": 0.0, "node6": 0.0}, "true": {"node1": 0.0, "node2": 0.0, "node3": 0.0, "node5": 0.0, "node4": 0.0, "node6": 1.0}}, "(0, 0)": {"false": {"node1": 0.0, "node2": 0.17755, "node3": 0.33073, "node5": 0.0, "node4": 0.26295, "node6": 0.22877}, "true": {"node1": 1.0, "node2": 0.0, "node3": 0.0, "node5": 0.0, "node4": 0.0, "node6": 0.0}}, "(1, 0)": {"false": {"node1": 1.0, "node2": 0.0, "node3": 0.0, "node5": 0.0, "node4": 0.0, "node6": 0.0}, "true": {"node1": 0.0, "node2": 0.0, "node3": 0.0, "node5": 0.0, "node4": 1.0, "node6": 0.0}}, "(0, 1)": {"false": {"node1": 0.0, "node2": 0.0, "node3": 0.0, "node5": 0.0, "node4": 0.0, "node6": 1.0}, "true": {"node1": 0.0, "node2": 0.0, "node3": 1.0, "node5": 0.0, "node4": 0.0, "node6": 0.0}}}}, "psi": {"node1": {"(-1, 0)": 0.0, "(0, -1)": 1.0, "(0, 0)": 0.0, "(1, 0)": 0.0, "(0, 1)": 0.0}, "node2": {"(-1, 0)": 0.0, "(0, -1)": 1.0, "(0, 0)": 0.0, "(1, 0)": 0.0, "(0, 1)": 0.0}, "node3": {"(-1, 0)": 1.0, "(0, -1)": 0.0, "(0, 0)": 0.0, "(1, 0)": 0.0, "(0, 1)": 0.0}, "node5": {"(-1, 0)": 1.0, "(0, -1)": 0.0, "(0, 0)": 0.0, "(1, 0)": 0.0, "(0, 1)": 0.0}, "node4": {"(-1, 0)": 0.0, "(0, -1)": 0.0, "(0, 0)": 1.0, "(1, 0)": 0.0, "(0, 1)": 0.0}, "node6": {"(-1, 0)": 0.94613, "(0, -1)": 0.0, "(0, 0)": 0.0, "(1, 0)": 0.05387, "(0, 1)": 0.0}}, "Q": ["node1", "node2", "node3", "node4", "node5", "node6"]}