{"agent": "Bob", "n": 6, "eta": {"node1": {"(-1, 0)": {"false": {"node1": 1.0, "node2": 8.47636e-17, "node3": 0.0, "node5": 0.0, "node4": 0.0, "node6": 0.0}, "true": {"node1": 0.0, "node2": 1.0, "node3": 0.0, "node5": 0.0, "node4": 0.0, "node6": 0.0}}, "(0, -1)": {"false": {"node1": 1.0, "node2": 0.0, "node3": 0.0, "node5": 0.0, "node4": 0.0, "node6": 0.0}, "true": {"node1": 0.801764, "node2": 0.0, "node3": 0.198236, "node5": 0.0, "node4": 0.0, "node6": 0.0}}, "(0, 0)": {"false": {"node1": 1.0, "node2": 0.0, "node3": 0.0, "node5": 0.0, "node4": 3.06808e-16, "node6": 0.0}, "true": {"node1": 1.0, "node2": 0.0, "node3": 0.0, "node5": 0.0, "node4": 0.0, "node6": 0.0}}, "(1, 0)": {"false": {"node1": 0.0, "node2": 0.0, "node3": 3.06808e-16, "node5": 1.0, "node4": 0.0, "node6": 0.0}, "true": {"node1": 0.907994, "node2": 9.77105e-08, "node3": 1.98002e-07, "node5": 0.0, "node4": 0.0920056, "node6": 0.0}}, "(0, 1)": {"false": {"node1": 0.0, "node2": 1.0, "node3": 0.0, "node5": 0.0, "node4": 0.0, "node6": 0.0}, "true": {"node1": 0.0, "node2": 0.0, "node3": 1.0, "node5": 0.0, "node4": 0.0, "node6": 0.0}}}, "node2": {"(-1, 0)": {"false": {"node1": 0.0, "node2": 0.0, "node3": 0.0, "node5": 0.0, "node4": 1.0, "node6": 0.0}, "true": {"node1": 0.0, "node2": 0.0, "node3": 0.0, "node5": 3.88578e-16, "node4": 1.0, "node6": 0.0}}, "(0, -1)": {"false": {"node1": 0.0, "node2": 0.0, "node3": 0.0, "node5": 0.71975, "node4": 0.28025, "node6": 0.0}, "true": {"node1": 0.0285235, "node2": 0.000206579, "node3": 0.000346802, "node5": 0.140009, "node4": 0.195261, "node6": 0.635653}}, "(0, 0)": {"false": {"node1": 0.0, "node2": 0.406522, "node3": 0.144786, "node5": 0.0505309, "node4": 0.0552763, "node6": 0.342885}, "true": {"node1": 1.0, "node2": 0.0, "node3": 0.0, "node5": 0.0, "node4": 0.0, "node6": 0.0}}, "(1, 0)": {"false": {"node1": 0.0, "node2": 0.042256, "node3": 0.0, "node5": 0.957744, "node4": 0.0, "node6": 0.0}, "true": {"node1": 0.0, "node2": 0.0140362, "node3": 2.71334e-05, "node5": 0.0, "node4": 0.985937, "node6": 0.0}}, "(0, 1)": {"false": {"node1": 0.0968605, "node2": 0.0, "node3": 0.0, "node5": 0.90314, "node4": 0.0, "node6": 0.0}, "true": {"node1": 1.0, "node2": 0.0, "node3": 8.47636e-17, "node5": 0.0, "node4": 0.0, "node6": 0.0}}}, "node3": {"(-1, 0)": {"false": {"node1": 0.0, "node2": 0.0, "node3": 0.0, "node5": 1.0, "node4": 0.0, "node6": 0.0}, "true": {"node1": 0.898164, "node2": 0.0, "node3": 0.0, "node5": 0.0, "node4": 0.0, "node6": 0.101836}}, "(0, -1)": {"false": {"node1": 0.0, "node2": 0.0, "node3": 0.0, "node5": 1.0, "node4": 0.0, "node6": 0.0}, "true": {"node1": 0.0, "node2": 0.0, "node3": 1.0, "node5": 0.0, "node4": 0.0, "node6": 0.0}}, "(0, 0)": {"false": {"node1": 1.0, "node2": 0.0, "node3": 0.0, "node5": 0.0, "node4": 0.0, "node6": 0.0}, "true": {"node1": 1.0, "node2": 0.0, "node3": 0.0, "node5": 0.0, "node4": 0.0, "node6": 0.0}}, "(1, 0)": {"false": {"node1": 0.0, "node2": 9.45326e-05, "node3": 0.501811, "node5": 0.00931809, "node4": 0.482178, "node6": 0.00659806}, "true": {"node1": 2.15734e-06, "node2": 0.0, "node3": 0.990049, "node5": 0.00376295, "node4": 0.00470747, "node6": 0.00147837}}, "(0, 1)": {"false": {"node1": 0.582028, "node2": 2.21566e-05, "node3": 9.65157e-07, "node5": 0.397874, "node4": 0.0, "node6": 0.0200756}, "true": {"node1": 3.2901e-07, "node2": 0.00179238, "node3": 0.829431, "node5": 0.00426248, "node4": 0.0435184, "node6": 0.120996}}}, "node5": {"(-1, 0)": {"false": {"node1": 0.0985524, "node2": 0.0, "node3": 0.901448, "node5": 0.0, "node4": 0.0, "node6": 0.0}, "true": {"node1": 0.0, "node2": 0.0, "node3": 0.654283, "node5": 0.0, "node4": 0.0, "node6": 0.345717}}, "(0, -1)": {"false": {"node1": 1.0, "node2": 0.0, "node3": 0.0, "node5": 0.0, "node4": 0.0, "node6": 3.06808e-16}, "true": {"node1": 0.0, "node2": 0.0, "node3": 0.0, "node5": 0.0, "node4": 0.0, "node6": 1.0}}, "(0, 0)": {"false": {"node1": 0.0, "node2": 0.0, "node3": 0.0, "node5": 0.023717, "node4": 0.000460935, "node6": 0.975822}, "true": {"node1": 1.0, "node2": 0.0, "node3": 0.0, "node5": 0.0, "node4": 0.0, "node6": 0.0}}, "(1, 0)": {"false": {"node1": 0.0, "node2": 0.0, "node3": 0.0, "node5": 0.999931, "node4": 6.85793e-05, "node6": 0.0}, "true": {"node1": 0.00340021, "node2": 0.138946, "node3": 0.00360755, "node5": 0.0, "node4": 0.854046, "node6": 0.0}}, "(0, 1)": {"false": {"node1": 0.759143, "node2": 0.0, "node3": 0.240857, "node5": 0.0, "node4": 0.0, "node6": 0.0}, "true": {"node1": 0.556304, "node2": 0.0, "node3": 0.443696, "node5": 0.0, "node4": 0.0, "node6": 0.0}}}, "node4": {"(-1, 0)": {"false": {"node1": 0.0, "node2": 0.0, "node3": 0.0, "node5": 0.0, "node4": 1.0, "node6": 0.0}, "true": {"node1": 0.0, "node2": 0.0, "node3": 0.50604, "node5": 0.0, "node4": 0.00761472, "node6": 0.486346}}, "(0, -1)": {"false": {"node1": 0.0, "node2": 0.0565519, "node3": 0.000767173, "node5": 0.50909, "node4": 0.431557, "node6": 0.0020345}, "true": {"node1": 0.956969, "node2": 0.0295849, "node3": 0.0, "node5": 0.0, "node4": 1.00291e-07, "node6": 0.0134463}}, "(0, 0)": {"false": {"node1": 0.0, "node2": 0.0, "node3": 1.0, "node5": 0.0, "node4": 0.0, "node6": 0.0}, "true": {"node1": 1.0, "node2": 0.0, "node3": 0.0, "node5": 0.0, "node4": 0.0, "node6": 0.0}}, "(1, 0)": {"false": {"node1": 0.0, "node2": 0.0, "node3": 0.0, "node5": 0.0, "node4": 0.0, "node6": 1.0}, "true": {"node1": 0.992292, "node2": 0.0, "node3": 0.0001646, "node5": 0.0, "node4": 0.0075432, "node6": 0.0}}, "(0, 1)": {"false": {"node1": 0.0, "node2": 0.0, "node3": 0.0, "node5": 0.95618, "node4": 0.0, "node6": 0.0438201}, "true": {"node1": 0.00113174, "node2": 0.0, "node3": 0.0, "node5": 0.10405, "node4": 0.894818, "node6": 0.0}}}, "node6": {"(-1, 0)": {"false": {"node1": 0.0, "node2": 0.0, "node3": 1.40555e-16, "node5": 0.0, "node4": 1.0, "node6": 0.0}, "true": {"node1": 0.0, "node2": 0.0, "node3": 0.0, "node5": 1.16376e-05, "node4": 0.0, "node6": 0.999988}}, "(0, -1)": {"false": {"node1": 0.0, "node2": 0.0, "node3": 0.0, "node5": 0.250389, "node4": 0.0340775, "node6": 0.715534}, "true": {"node1": 0.0, "node2": 0.0, "node3": 0.0, "node5": 0.999876, "node4": 0.000124303, "node6": 0.0}}, "(0, 0)": {"false": {"node1": 0.00204318, "node2": 0.83659, "node3": 0.0, "node5": 0.0307964, "node4": 0.130571, "node6": 0.0}, "true": {"node1": 1.0, "node2": 0.0, "node3": 0.0, "node5": 0.0, "node4": 0.0, "node6": 0.0}}, "(1, 0)": {"false": {"node1": 0.0, "node2": 0.109585, "node3": 0.0, "node5": 0.0, "node4": 0.0, "node6": 0.890415}, "true": {"node1": 0.0, "node2": 0.120681, "node3": 0.0, "node5": 0.0, "node4": 0.879319, "node6": 0.0}}, "(0, 1)": {"false": {"node1": 0.0, "node2": 0.164462, "node3": 0.835426, "node5": 0.0, "node4": 0.000111772, "node6": 0.0}, "true": {"node1": 0.71896, "node2": 0.0, "node3": 0.22427, "node5": 0.00419207, "node4": 0.00867637, "node6": 0.0439019}}}}, "psi": {"node1": {"(-1, 0)": 0.0, "(0, -1)": 0.0, "(0, 0)": 1.0, "(1, 0)": 3.06808e-16, "(0, 1)": 0.0}, "node2": {"(-1, 0)": 0.0, "(0, -1)": 0.290257, "(0, 0)": 0.709691, "(1, 0)": 5.20479e-05, "(0, 1)": 0.0}, "node3": {"(-1, 0)": 0.0, "(0, -1)": 9.08902e-05, "(0, 0)": 2.27377e-06, "(1, 0)": 0.315447, "(0, 1)": 0.68446}, "node5": {"(-1, 0)": 0.000209268, "(0, -1)": 0.000131602, "(0, 0)": 0.00980219, "(1, 0)": 0.989857, "(0, 1)": 0.0}, "node4": {"(-1, 0)": 0.0, "(0, -1)": 1.0, "(0, 0)": 0.0, "(1, 0)": 0.0, "(0, 1)": 0.0}, "node6": {"(-1, 0)": 0.566101, "(0, -1)": 0.0785159, "(0, 0)": 0.0, "(1, 0)": 0.355382, "(0, 1)": 8.52611e-07}}, "Q": ["node1", "node2", "node3", "node4", "node5", "node6"]}