{"agent": "Bob", "n": 6, "eta": {"node1": {"(-1, 0)": {"false": {"node1": 0.961858, "node2": 0.0223244, "node3": 0.0, "node5": 0.0158181, "node4": 0.0, "node6": 0.0}, "true": {"node1": 0.0, "node2": 0.0, "node3": 0.00287782, "node5": 0.918027, "node4": 0.0790948, "node6": 0.0}}, "(0, -1)": {"false": {"node1": 0.0, "node2": 0.0, "node3": 0.397258, "node5": 0.0, "node4": 0.526657, "node6": 0.0760844}, "true": {"node1": 0.923627, "node2": 0.0, "node3": 0.0, "node5": 0.0, "node4": 0.0, "node6": 0.0763731}}, "(0, 0)": {"false": {"node1": 1.0, "node2": 0.0, "node3": 8.47636e-17, "node5": 0.0, "node4": 0.0, "node6": 0.0}, "true": {"node1": 1.0, "node2": 0.0, "node3": 0.0, "node5": 0.0, "node4": 0.0, "node6": 0.0}}, "(1, 0)": {"false": {"node1": 0.0, "node2": 0.140752, "node3": 0.0, "node5": 0.303473, "node4": 0.218203, "node6": 0.337572}, "true": {"node1": 0.998458, "node2": 0.0, "node3": 0.0, "node5": 0.0, "node4": 0.0, "node6": 0.00154152}}, "(0, 1)": {"false": {"node1": 0.0, "node2": 0.0, "node3": 0.0, "node5": 1.0, "node4": 0.0, "node6": 0.0}, "true": {"node1": 1.0, "node2": 0.0, "node3": 0.0, "node5": 0.0, "node4": 0.0, "node6": 0.0}}}, "node2": {"(-1, 0)": {"false": {"node1": 0.0, "node2": 0.0, "node3": 0.0, "node5": 0.90596, "node4": 0.0, "node6": 0.0940402}, "true": {"node1": 0.0, "node2": 0.0, "node3": 0.757886, "node5": 0.157704, "node4": 0.0, "node6": 0.0844102}}, "(0, -1)": {"false": {"node1": 0.796119, "node2": 0.0, "node3": 0.0, "node5": 0.203881, "node4": 0.0, "node6": 0.0}, "true": {"node1": 0.0943344, "node2": 0.0, "node3": 0.0, "node5": 0.190692, "node4": 0.714974, "node6": 0.0}}, "(0, 0)": {"false": {"node1": 0.0, "node2": 0.0, "node3": 0.0, "node5": 1.0, "node4": 0.0, "node6": 0.0}, "true": {"node1": 1.0, "node2": 0.0, "node3": 0.0, "node5": 0.0, "node4": 0.0, "node6": 0.0}}, "(1, 0)": {"false": {"node1": 0.0, "node2": 0.0, "node3": 0.0098819, "node5": 0.00497861, "node4": 0.00630007, "node6": 0.978839}, "true": {"node1": 0.77623, "node2": 0.0528868, "node3": 0.059597, "node5": 0.0269903, "node4": 0.0616422, "node6": 0.0226533}}, "(0, 1)": {"false": {"node1": 0.0, "node2": 0.0, "node3": 1.0, "node5": 0.0, "node4": 0.0, "node6": 0.0}, "true": {"node1": 0.0, "node2": 0.0, "node3": 1.0, "node5": 0.0, "node4": 0.0, "node6": 0.0}}}, "node3": {"(-1, 0)": {"false": {"node1": 0.0, "node2": 0.0, "node3": 0.0, "node5": 0.671137, "node4": 0.328863, "node6": 0.0}, "true": {"node1": 0.0, "node2": 0.00818461, "node3": 0.703591, "node5": 0.00979651, "node4": 0.0, "node6": 0.278428}}, "(0, -1)": {"false": {"node1": 0.0, "node2": 0.0, "node3": 0.0, "node5": 1.0, "node4": 0.0, "node6": 3.33067e-16}, "true": {"node1": 0.308282, "node2": 0.0, "node3": 0.250096, "node5": 0.0, "node4": 0.0, "node6": 0.441622}}, "(0, 0)": {"false": {"node1": 1.0, "node2": 0.0, "node3": 0.0, "node5": 0.0, "node4": 0.0, "node6": 0.0}, "true": {"node1": 1.0, "node2": 0.0, "node3": 0.0, "node5": 0.0, "node4": 0.0, "node6": 0.0}}, "(1, 0)": {"false": {"node1": 0.0, "node2": 0.0, "node3": 0.0, "node5": 0.0, "node4": 0.0, "node6": 1.0}, "true": {"node1": 0.0883665, "node2": 0.0, "node3": 0.0, "node5": 0.0, "node4": 0.911634, "node6": 0.0}}, "(0, 1)": {"false": {"node1": 0.0, "node2": 1.0, "node3": 0.0, "node5": 0.0, "node4": 0.0, "node6": 0.0}, "true": {"node1": 0.0489485, "node2": 0.0, "node3": 0.0, "node5": 0.951052, "node4": 0.0, "node6": 0.0}}}, "node5": {"(-1, 0)": {"false": {"node1": 0.0, "node2": 0.0, "node3": 0.0, "node5": 0.0, "node4": 1.0, "node6": 0.0}, "true": {"node1": 1.0, "node2": 0.0, "node3": 0.0, "node5": 0.0, "node4": 0.0, "node6": 0.0}}, "(0, -1)": {"false": {"node1": 0.0, "node2": 0.136015, "node3": 0.843174, "node5": 0.0208106, "node4": 0.0, "node6": 0.0}, "true": {"node1": 0.0, "node2": 0.240482, "node3": 0.0, "node5": 0.562481, "node4": 0.197037, "node6": 0.0}}, "(0, 0)": {"false": {"node1": 0.195766, "node2": 0.0, "node3": 0.074407, "node5": 0.529589, "node4": 0.200238, "node6": 0.0}, "true": {"node1": 1.0, "node2": 0.0, "node3": 0.0, "node5": 0.0, "node4": 0.0, "node6": 0.0}}, "(1, 0)": {"false": {"node1": 0.0, "node2": 0.0, "node3": 0.0, "node5": 0.239339, "node4": 0.0, "node6": 0.760661}, "true": {"node1": 0.0, "node2": 0.0, "node3": 0.0, "node5": 0.980237, "node4": 0.0197632, "node6": 0.0}}, "(0, 1)": {"false": {"node1": 0.0, "node2": 0.0, "node3": 0.0, "node5": 0.222636, "node4": 0.777364, "node6": 0.0}, "true": {"node1": 0.0, "node2": 0.0, "node3": 0.0, "node5": 1.0, "node4": 0.0, "node6": 0.0}}}, "node4": {"(-1, 0)": {"false": {"node1": 0.137271, "node2": 0.862729, "node3": 0.0, "node5": 0.0, "node4": 0.0, "node6": 0.0}, "true": {"node1": 2.04914e-16, "node2": 1.0, "node3": 0.0, "node5": 0.0, "node4": 0.0, "node6": 0.0}}, "(0, -1)": {"false": {"node1": 0.310026, "node2": 0.0, "node3": 0.0, "node5": 0.01102, "node4": 0.0, "node6": 0.678954}, "true": {"node1": 0.00971309, "node2": 0.0164897, "node3": 0.0, "node5": 0.880254, "node4": 0.0658463, "node6": 0.0276966}}, "(0, 0)": {"false": {"node1": 0.0366911, "node2": 0.00624677, "node3": 0.0275008, "node5": 0.356699, "node4": 0.560874, "node6": 0.0119881}, "true": {"node1": 1.0, "node2": 0.0, "node3": 0.0, "node5": 0.0, "node4": 0.0, "node6": 0.0}}, "(1, 0)": {"false": {"node1": 0.0648309, "node2": 0.598745, "node3": 0.0, "node5": 0.336424, "node4": 0.0, "node6": 0.0}, "true": {"node1": 0.168388, "node2": 0.374039, "node3": 0.0, "node5": 0.457574, "node4": 0.0, "node6": 0.0}}, "(0, 1)": {"false": {"node1": 0.0, "node2": 0.0, "node3": 0.0, "node5": 0.479021, "node4": 0.520979, "node6": 0.0}, "true": {"node1": 0.0, "node2": 0.0, "node3": 0.0, "node5": 1.0, "node4": 8.47636e-17, "node6": 0.0}}}, "node6": {"(-1, 0)": {"false": {"node1": 5.68989e-16, "node2": 0.0, "node3": 0.0, "node5": 0.0, "node4": 0.0, "node6": 1.0}, "true": {"node1": 0.0, "node2": 0.0, "node3": 1.0, "node5": 0.0, "node4": 0.0, "node6": 2.08167e-16}}, "(0, -1)": {"false": {"node1": 0.0, "node2": 0.0, "node3": 0.289627, "node5": 0.0, "node4": 0.710373, "node6": 0.0}, "true": {"node1": 0.222133, "node2": 0.0, "node3": 0.144277, "node5": 0.0, "node4": 0.633589, "node6": 0.0}}, "(0, 0)": {"false": {"node1": 0.105258, "node2": 0.0698553, "node3": 0.0, "node5": 0.0208406, "node4": 0.0, "node6": 0.804046}, "true": {"node1": 1.0, "node2": 0.0, "node3": 0.0, "node5": 0.0, "node4": 0.0, "node6": 0.0}}, "(1, 0)": {"false": {"node1": 0.0, "node2": 0.0, "node3": 0.0, "node5": 0.0, "node4": 0.0, "node6": 1.0}, "true": {"node1": 0.0, "node2": 0.0, "node3": 0.0, "node5": 1.0, "node4": 0.0, "node6": 0.0}}, "(0, 1)": {"false": {"node1": 0.214299, "node2": 0.0, "node3": 0.0387838, "node5": 0.74278, "node4": 0.0, "node6": 0.00413688}, "true": {"node1": 0.320703, "node2": 0.0, "node3": 0.0, "node5": 0.274799, "node4": 0.328908, "node6": 0.0755902}}}}, "psi": {"node1": {"(-1, 0)": 0.0, "(0, -1)": 0.0, "(0, 0)": 1.0, "(1, 0)": 4.94721e-16, "(0, 1)": 0.0}, "node2": {"(-1, 0)": 0.337158, "(0, -1)": 0.331035, "(0, 0)": 0.313699, "(1, 0)": 0.0181075, "(0, 1)": 0.0}, "node3": {"(-1, 0)": 0.0, "(0, -1)": 0.233142, "(0, 0)": 0.00903759, "(1, 0)": 0.190152, "(0, 1)": 0.567668}, "node5": {"(-1, 0)": 0.000239966, "(0, -1)": 0.0, "(0, 0)": 0.0, "(1, 0)": 0.605309, "(0, 1)": 0.394451}, "node4": {"(-1, 0)": 0.0, "(0, -1)": 0.0, "(0, 0)": 8.47636e-17, "(1, 0)": 0.0, "(0, 1)": 1.0}, "node6": {"(-1, 0)": 0.293241, "(0, -1)": 0.019913, "(0, 0)": 0.0, "(1, 0)": 0.686846, "(0, 1)": 0.0}}, "Q": ["node1", "node2", "node3", "node4", "node5", "node6"]}