{"agent": "Alice", "n": 6, "eta": {"node1": {"(-1, 0)": {"false": {"node1": 1.0, "node2": 0.0, "node3": 0.0, "node5": 0.0, "node4": 0.0, "node6": 0.0}, "true": {"node1": 0.08721, "node2": 0.33818, "node3": 0.57462, "node5": 0.0, "node4": 0.0, "node6": 0.0}}, "(0, -1)": {"false": {"node1": 0.14826, "node2": 0.0, "node3": 0.85174, "node5": 0.0, "node4": 0.0, "node6": 0.0}, "true": {"node1": 0.0, "node2": 0.0, "node3": 0.0, "node5": 1.0, "node4": 0.0, "node6": 0.0}}, "(0, 0)": {"false": {"node1": 0.88781, "node2": 0.04909, "node3": 0.0631, "node5": 0.0, "node4": 0.0, "node6": 0.0}, "true": {"node1": 1.0, "node2": 0.0, "node3": 0.0, "node5": 0.0, "node4": 0.0, "node6": 0.0}}, "(1, 0)": {"false": {"node1": 0.31006, "node2": 0.29882, "node3": 0.39112, "node5": 0.0, "node4": 0.0, "node6": 0.0}, "true": {"node1": 0.99599, "node2": 0.0, "node3": 0.00401, "node5": 0.0, "node4": 0.0, "node6": 0.0}}, "(0, 1)": {"false": {"node1": 0.86747, "node2": 0.05412, "node3": 0.0, "node5": 0.03857, "node4": 0.0, "node6": 0.03984}, "true": {"node1": 0.49583, "node2": 0.03441, "node3": 0.27422, "node5": 0.0, "node4": 0.19555, "node6": 0.0}}}, "node2": {"(-1, 0)": {"false": {"node1": 0.33325, "node2": 0.0, "node3": 0.0, "node5": 0.61195, "node4": 0.0, "node6": 0.0548}, "true": {"node1": 0.15929, "node2": 0.13408, "node3": 0.70662, "node5": 0.0, "node4": 0.0, "node6": 0.0}}, "(0, -1)": {"false": {"node1": 0.0, "node2": 0.0, "node3": 0.78952, "node5": 0.13872, "node4": 0.0, "node6": 0.07176}, "true": {"node1": 0.12291, "node2": 0.0, "node3": 0.12291, "node5": 0.4763, "node4": 0.00089, "node6": 0.27699}}, "(0, 0)": {"false": {"node1": 0.0, "node2": 1.0, "node3": 0.0, "node5": 0.0, "node4": 0.0, "node6": 0.0}, "true": {"node1": 1.0, "node2": 0.0, "node3": 0.0, "node5": 0.0, "node4": 0.0, "node6": 0.0}}, "(1, 0)": {"false": {"node1": 0.04183, "node2": 0.0, "node3": 0.18802, "node5": 0.14338, "node4": 0.62677, "node6": 0.0}, "true": {"node1": 0.70347, "node2": 0.00234, "node3": 0.20513, "node5": 0.0664, "node4": 0.0, "node6": 0.02266}}, "(0, 1)": {"false": {"node1": 0.0, "node2": 0.0, "node3": 0.0, "node5": 0.0, "node4": 0.0, "node6": 1.0}, "true": {"node1": 0.01363, "node2": 0.44414, "node3": 0.54224, "node5": 0.0, "node4": 0.0, "node6": 0.0}}}, "node3": {"(-1, 0)": {"false": {"node1": 0.0, "node2": 0.0, "node3": 1.0, "node5": 0.0, "node4": 0.0, "node6": 0.0}, "true": {"node1": 0.0, "node2": 0.0, "node3": 1.0, "node5": 0.0, "node4": 0.0, "node6": 0.0}}, "(0, -1)": {"false": {"node1": 0.23184, "node2": 0.0, "node3": 0.76816, "node5": 0.0, "node4": 0.0, "node6": 0.0}, "true": {"node1": 0.0, "node2": 0.0, "node3": 0.0, "node5": 1.0, "node4": 0.0, "node6": 0.0}}, "(0, 0)": {"false": {"node1": 0.1239, "node2": 0.26185, "node3": 0.61425, "node5": 0.0, "node4": 0.0, "node6": 0.0}, "true": {"node1": 1.0, "node2": 0.0, "node3": 0.0, "node5": 0.0, "node4": 0.0, "node6": 0.0}}, "(1, 0)": {"false": {"node1": 0.0, "node2": 1.0, "node3": 0.0, "node5": 0.0, "node4": 0.0, "node6": 0.0}, "true": {"node1": 0.80171, "node2": 0.02423, "node3": 0.17406, "node5": 0.0, "node4": 0.0, "node6": 0.0}}, "(0, 1)": {"false": {"node1": 0.0, "node2": 0.0, "node3": 0.0, "node5": 0.0, "node4": 0.0, "node6": 1.0}, "true": {"node1": 0.07802, "node2": 0.05266, "node3": 0.86932, "node5": 0.0, "node4": 0.0, "node6": 0.0}}}, "node5": {"(-1, 0)": {"false": {"node1": 0.0, "node2": 0.0, "node3": 1.0, "node5": 0.0, "node4": 0.0, "node6": 0.0}, "true": {"node1": 0.0, "node2": 0.0, "node3": 0.0, "node5": 0.13435, "node4": 0.0, "node6": 0.86565}}, "(0, -1)": {"false": {"node1": 0.0, "node2": 0.0, "node3": 1.0, "node5": 0.0, "node4": 0.0, "node6": 0.0}, "true": {"node1": 0.0, "node2": 0.0, "node3": 0.0, "node5": 0.0, "node4": 0.0, "node6": 1.0}}, "(0, 0)": {"false": {"node1": 0.0, "node2": 0.0, "node3": 0.0, "node5": 0.13969, "node4": 0.0, "node6": 0.86031}, "true": {"node1": 1.0, "node2": 0.0, "node3": 0.0, "node5": 0.0, "node4": 0.0, "node6": 0.0}}, "(1, 0)": {"false": {"node1": 0.0, "node2": 0.85662, "node3": 0.0, "node5": 0.14338, "node4": 0.0, "node6": 0.0}, "true": {"node1": 0.44564, "node2": 0.0, "node3": 0.01341, "node5": 0.15723, "node4": 0.18554, "node6": 0.19817}}, "(0, 1)": {"false": {"node1": 0.0, "node2": 0.0, "node3": 0.0, "node5": 0.0, "node4": 1.0, "node6": 0.0}, "true": {"node1": 0.0, "node2": 0.0, "node3": 1.0, "node5": 0.0, "node4": 0.0, "node6": 0.0}}}, "node4": {"(-1, 0)": {"false": {"node1": 0.95154, "node2": 0.04846, "node3": 0.0, "node5": 0.0, "node4": 0.0, "node6": 0.0}, "true": {"node1": 0.0, "node2": 0.86564, "node3": 0.0, "node5": 0.0, "node4": 0.13436, "node6": 0.0}}, "(0, -1)": {"false": {"node1": 0.12918, "node2": 0.0, "node3": 0.65986, "node5": 0.21095, "node4": 0.0, "node6": 0.0}, "true": {"node1": 0.00241, "node2": 4e-05, "node3": 0.00241, "node5": 0.54237, "node4": 0.00149, "node6": 0.45127}}, "(0, 0)": {"false": {"node1": 0.0, "node2": 0.0, "node3": 0.0, "node5": 0.0, "node4": 0.97368, "node6": 0.02632}, "true": {"node1": 1.0, "node2": 0.0, "node3": 0.0, "node5": 0.0, "node4": 0.0, "node6": 0.0}}, "(1, 0)": {"false": {"node1": 0.0, "node2": 0.0, "node3": 0.0, "node5": 0.0, "node4": 1.0, "node6": 0.0}, "true": {"node1": 1.0, "node2": 0.0, "node3": 0.0, "node5": 0.0, "node4": 0.0, "node6": 0.0}}, "(0, 1)": {"false": {"node1": 0.0, "node2": 0.0, "node3": 0.0, "node5": 0.0, "node4": 1.0, "node6": 0.0}, "true": {"node1": 0.0, "node2": 0.0, "node3": 1.0, "node5": 0.0, "node4": 0.0, "node6": 0.0}}}, "node6": {"(-1, 0)": {"false": {"node1": 0.1733, "node2": 0.0, "node3": 0.8267, "node5": 0.0, "node4": 0.0, "node6": 0.0}, "true": {"node1": 0.0, "node2": 0.0, "node3": 0.0, "node5": 0.0, "node4": 0.86565, "node6": 0.13435}}, "(0, -1)": {"false": {"node1": 0.0, "node2": 0.0, "node3": 1.0, "node5": 0.0, "node4": 0.0, "node6": 0.0}, "true": {"node1": 0.0, "node2": 0.0, "node3": 0.0, "node5": 0.0, "node4": 0.02513, "node6": 0.97487}}, "(0, 0)": {"false": {"node1": 0.0, "node2": 0.0, "node3": 0.0, "node5": 0.0, "node4": 0.06915, "node6": 0.93085}, "true": {"node1": 1.0, "node2": 0.0, "node3": 0.0, "node5": 0.0, "node4": 0.0, "node6": 0.0}}, "(1, 0)": {"false": {"node1": 0.0, "node2": 0.69191, "node3": 0.30809, "node5": 0.0, "node4": 0.0, "node6": 0.0}, "true": {"node1": 0.9689, "node2": 0.0311, "node3": 0.0, "node5": 0.0, "node4": 0.0, "node6": 0.0}}, "(0, 1)": {"false": {"node1": 0.0, "node2": 0.0, "node3": 0.0, "node5": 0.0, "node4": 1.0, "node6": 0.0}, "true": {"node1": 0.0, "node2": 0.0, "node3": 1.0, "node5": 0.0, "node4": 0.0, "node6": 0.0}}}}, "psi": {"node1": {"(-1, 0)": 0.0, "(0, -1)": 1.0, "(0, 0)": 0.0, "(1, 0)": 0.0, "(0, 1)": 0.0}, "node2": {"(-1, 0)": 1.0, "(0, -1)": 0.0, "(0, 0)": 0.0, "(1, 0)": 0.0, "(0, 1)": 0.0}, "node3": {"(-1, 0)": 0.0, "(0, -1)": 1.0, "(0, 0)": 0.0, "(1, 0)": 0.0, "(0, 1)": 0.0}, "node5": {"(-1, 0)": 1.0, "(0, -1)": 0.0, "(0, 0)": 0.0, "(1, 0)": 0.0, "(0, 1)": 0.0}, "node4": {"(-1, 0)": 1.0, "(0, -1)": 0.0, "(0, 0)": 0.0, "(1, 0)": 0.0, "(0, 1)": 0.0}, "node6": {"(-1, 0)": 1.0, "(0, -1)": 0.0, "(0, 0)": 0.0, "(1, 0)": 0.0, "(0, 1)": 0.0}}, "Q": ["node1", "node2", "node3", "node4", "node5", "node6"]}