{"agent": "Alice", "n": 6, "eta": {"node1": {"(-1, 0)": {"false": {"node1": 0.0, "node2": 0.0, "node3": 0.0, "node5": 0.0, "node4": 1.0, "node6": 0.0}, "true": {"node1": 0.44676, "node2": 0.0, "node3": 0.0, "node5": 0.0, "node4": 0.35134, "node6": 0.2019}}, "(0, -1)": {"false": {"node1": 0.0, "node2": 0.0, "node3": 0.0, "node5": 0.0, "node4": 0.99718, "node6": 0.00282}, "true": {"node1": 0.0, "node2": 0.84207, "node3": 0.15768, "node5": 0.00025, "node4": 0.0, "node6": 0.0}}, "(0, 0)": {"false": {"node1": 0.93366, "node2": 0.0, "node3": 0.0, "node5": 0.0, "node4": 0.06635, "node6": 0.0}, "true": {"node1": 1.0, "node2": 0.0, "node3": 0.0, "node5": 0.0, "node4": 0.0, "node6": 0.0}}, "(1, 0)": {"false": {"node1": 0.0, "node2": 0.0, "node3": 0.0, "node5": 0.0, "node4": 0.0, "node6": 1.0}, "true": {"node1": 0.1165, "node2": 0.0, "node3": 0.8835, "node5": 0.0, "node4": 0.0, "node6": 0.0}}, "(0, 1)": {"false": {"node1": 0.0, "node2": 0.0, "node3": 0.0, "node5": 0.02832, "node4": 0.97167, "node6": 0.0}, "true": {"node1": 0.0025, "node2": 0.06158, "node3": 0.87151, "node5": 0.0, "node4": 0.0, "node6": 0.06441}}}, "node2": {"(-1, 0)": {"false": {"node1": 0.0, "node2": 0.0, "node3": 0.0, "node5": 0.0, "node4": 1.0, "node6": 0.0}, "true": {"node1": 0.0, "node2": 0.43923, "node3": 0.0, "node5": 0.56076, "node4": 0.0, "node6": 0.0}}, "(0, -1)": {"false": {"node1": 0.0, "node2": 0.0, "node3": 0.0, "node5": 0.0, "node4": 1.0, "node6": 0.0}, "true": {"node1": 0.0, "node2": 1.0, "node3": 0.0, "node5": 0.0, "node4": 0.0, "node6": 0.0}}, "(0, 0)": {"false": {"node1": 0.0, "node2": 0.92875, "node3": 0.0, "node5": 0.0, "node4": 0.0, "node6": 0.07125}, "true": {"node1": 1.0, "node2": 0.0, "node3": 0.0, "node5": 0.0, "node4": 0.0, "node6": 0.0}}, "(1, 0)": {"false": {"node1": 0.0, "node2": 0.07269, "node3": 0.0, "node5": 0.0, "node4": 0.0947, "node6": 0.8326}, "true": {"node1": 0.20522, "node2": 0.0, "node3": 0.0, "node5": 0.0, "node4": 0.79478, "node6": 0.0}}, "(0, 1)": {"false": {"node1": 1.0, "node2": 0.0, "node3": 0.0, "node5": 0.0, "node4": 0.0, "node6": 0.0}, "true": {"node1": 0.64125, "node2": 0.09892, "node3": 0.0, "node5": 0.0, "node4": 0.25983, "node6": 0.0}}}, "node3": {"(-1, 0)": {"false": {"node1": 0.0, "node2": 0.0, "node3": 0.0, "node5": 0.0, "node4": 1.0, "node6": 0.0}, "true": {"node1": 0.0, "node2": 0.56081, "node3": 0.43919, "node5": 0.0, "node4": 0.0, "node6": 0.0}}, "(0, -1)": {"false": {"node1": 0.0, "node2": 0.0, "node3": 0.0, "node5": 0.0, "node4": 1.0, "node6": 0.0}, "true": {"node1": 0.0, "node2": 1.0, "node3": 0.0, "node5": 0.0, "node4": 0.0, "node6": 0.0}}, "(0, 0)": {"false": {"node1": 0.0, "node2": 0.29579, "node3": 0.70421, "node5": 0.0, "node4": 0.0, "node6": 0.0}, "true": {"node1": 1.0, "node2": 0.0, "node3": 0.0, "node5": 0.0, "node4": 0.0, "node6": 0.0}}, "(1, 0)": {"false": {"node1": 0.0, "node2": 0.0, "node3": 0.0, "node5": 0.0, "node4": 1.0, "node6": 0.0}, "true": {"node1": 0.93612, "node2": 0.06388, "node3": 0.0, "node5": 0.0, "node4": 0.0, "node6": 0.0}}, "(0, 1)": {"false": {"node1": 0.0, "node2": 1.0, "node3": 0.0, "node5": 0.0, "node4": 0.0, "node6": 0.0}, "true": {"node1": 1.0, "node2": 0.0, "node3": 0.0, "node5": 0.0, "node4": 0.0, "node6": 0.0}}}, "node5": {"(-1, 0)": {"false": {"node1": 0.01581, "node2": 0.0, "node3": 0.06995, "node5": 0.0, "node4": 0.91424, "node6": 0.0}, "true": {"node1": 0.0, "node2": 0.0, "node3": 0.0, "node5": 0.43913, "node4": 0.0, "node6": 0.56087}}, "(0, -1)": {"false": {"node1": 0.0, "node2": 0.0, "node3": 0.0, "node5": 0.0, "node4": 1.0, "node6": 0.0}, "true": {"node1": 0.01887, "node2": 0.98066, "node3": 0.00046, "node5": 0.0, "node4": 0.0, "node6": 0.0}}, "(0, 0)": {"false": {"node1": 0.0, "node2": 0.0, "node3": 0.0, "node5": 1.0, "node4": 0.0, "node6": 0.0}, "true": {"node1": 1.0, "node2": 0.0, "node3": 0.0, "node5": 0.0, "node4": 0.0, "node6": 0.0}}, "(1, 0)": {"false": {"node1": 0.0, "node2": 0.0, "node3": 0.0, "node5": 0.0, "node4": 0.78983, "node6": 0.21017}, "true": {"node1": 0.0, "node2": 0.0, "node3": 0.0, "node5": 0.0, "node4": 1.0, "node6": 0.0}}, "(0, 1)": {"false": {"node1": 0.0, "node2": 0.0, "node3": 0.0, "node5": 1.0, "node4": 0.0, "node6": 0.0}, "true": {"node1": 0.0, "node2": 0.0, "node3": 0.0, "node5": 0.0, "node4": 1.0, "node6": 0.0}}}, "node4": {"(-1, 0)": {"false": {"node1": 0.13751, "node2": 0.0, "node3": 0.0, "node5": 0.05726, "node4": 0.80523, "node6": 0.0}, "true": {"node1": 0.5209, "node2": 0.08383, "node3": 0.0766, "node5": 0.07437, "node4": 0.04466, "node6": 0.19964}}, "(0, -1)": {"false": {"node1": 0.0, "node2": 0.0, "node3": 0.0, "node5": 0.0, "node4": 1.0, "node6": 0.0}, "true": {"node1": 0.0, "node2": 0.0, "node3": 1.0, "node5": 0.0, "node4": 0.0, "node6": 0.0}}, "(0, 0)": {"false": {"node1": 0.0, "node2": 0.0, "node3": 0.0, "node5": 0.0, "node4": 1.0, "node6": 0.0}, "true": {"node1": 1.0, "node2": 0.0, "node3": 0.0, "node5": 0.0, "node4": 0.0, "node6": 0.0}}, "(1, 0)": {"false": {"node1": 0.0, "node2": 0.0, "node3": 0.0, "node5": 1.0, "node4": 0.0, "node6": 0.0}, "true": {"node1": 0.0, "node2": 0.0, "node3": 0.0, "node5": 0.0, "node4": 1.0, "node6": 0.0}}, "(0, 1)": {"false": {"node1": 1.0, "node2": 0.0, "node3": 0.0, "node5": 0.0, "node4": 0.0, "node6": 0.0}, "true": {"node1": 0.0, "node2": 0.0, "node3": 0.0, "node5": 0.0, "node4": 1.0, "node6": 0.0}}}, "node6": {"(-1, 0)": {"false": {"node1": 0.0185, "node2": 0.0, "node3": 0.09832, "node5": 0.0, "node4": 0.88318, "node6": 0.0}, "true": {"node1": 0.0, "node2": 0.0, "node3": 0.0, "node5": 0.0, "node4": 0.56083, "node6": 0.43917}}, "(0, -1)": {"false": {"node1": 0.0, "node2": 0.0, "node3": 0.0, "node5": 0.0, "node4": 1.0, "node6": 0.0}, "true": {"node1": 0.02262, "node2": 0.89942, "node3": 0.07796, "node5": 0.0, "node4": 0.0, "node6": 0.0}}, "(0, 0)": {"false": {"node1": 0.0, "node2": 0.03996, "node3": 0.0, "node5": 0.00659, "node4": 0.0, "node6": 0.95345}, "true": {"node1": 1.0, "node2": 0.0, "node3": 0.0, "node5": 0.0, "node4": 0.0, "node6": 0.0}}, "(1, 0)": {"false": {"node1": 0.0, "node2": 0.0, "node3": 0.0, "node5": 0.0, "node4": 0.0, "node6": 1.0}, "true": {"node1": 0.11809, "node2": 0.0, "node3": 0.0, "node5": 0.0, "node4": 0.88191, "node6": 0.0}}, "(0, 1)": {"false": {"node1": 0.0, "node2": 0.98119, "node3": 0.01881, "node5": 0.0, "node4": 0.0, "node6": 0.0}, "true": {"node1": 0.28558, "node2": 0.0, "node3": 0.0, "node5": 0.0, "node4": 0.71442, "node6": 0.0}}}}, "psi": {"node1": {"(-1, 0)": 0.0, "(0, -1)": 0.0, "(0, 0)": 1.0, "(1, 0)": 0.0, "(0, 1)": 0.0}, "node2": {"(-1, 0)": 1.0, "(0, -1)": 0.0, "(0, 0)": 0.0, "(1, 0)": 0.0, "(0, 1)": 0.0}, "node3": {"(-1, 0)": 1.0, "(0, -1)": 0.0, "(0, 0)": 0.0, "(1, 0)": 0.0, "(0, 1)": 0.0}, "node5": {"(-1, 0)": 1.0, "(0, -1)": 0.0, "(0, 0)": 0.0, "(1, 0)": 0.0, "(0, 1)": 0.0}, "node4": {"(-1, 0)": 0.0, "(0, -1)": 1.0, "(0, 0)": 0.0, "(1, 0)": 0.0, "(0, 1)": 0.0}, "node6": {"(-1, 0)": 1.0, "(0, -1)": 0.0, "(0, 0)": 0.0, "(1, 0)": 0.0, "(0, 1)": 0.0}}, "Q": ["node1", "node2", "node3", "node4", "node5", "node6"]}